ID,LIMIT_BAL,EDUCATION,MARRIAGE,AGE,PAY_0,PAY_2,PAY_3,PAY_4,PAY_5,PAY_6,BILL_AMT1,BILL_AMT2,BILL_AMT3,BILL_AMT4,BILL_AMT5,BILL_AMT6,PAY_AMT1,PAY_AMT2,PAY_AMT3,PAY_AMT4,PAY_AMT5,PAY_AMT6,SEX_MALE,default_payment_next_month
1,20000,2,1,24,2,2,-1,-1,-2,-2,3913,3102,689,0,0,0,0,689,0,0,0,0,0,1
99,50000,3,1,22,0,0,0,0,0,0,18722,18160,16997,13150,8866,7899,1411,1194,379,281,321,197,0,0
158,200000,3,2,30,0,0,0,0,0,0,196031,196143,189524,167163,146975,122324,7300,7108,7680,6200,5000,4500,0,0
197,150000,2,1,34,-2,-2,-2,-2,-2,-2,0,0,0,116,0,1500,0,0,116,0,1500,0,0,0
237,150000,2,2,27,0,0,0,0,0,0,127402,110050,51547,44384,36900,29497,4500,1745,1566,1208,1077,2529,0,0
257,140000,2,1,48,0,-1,-1,-1,-1,-1,1154,1233,862,1355,1130,21361,1233,1075,1355,1130,21361,1347,0,0
268,130000,3,2,49,0,0,0,0,0,0,89003,91362,72197,49654,28065,27500,4100,3095,1630,561,600,0,0,1
304,20000,1,2,25,0,0,2,0,0,0,11968,14564,27820,15824,15761,12510,2800,0,4000,1700,1000,2000,0,1
314,200000,3,1,49,-1,2,2,2,0,0,52439,51040,56205,54723,58657,59983,0,6000,0,5000,2286,3000,0,1
325,360000,2,2,32,0,0,0,0,0,0,93029,94054,91834,95631,100123,100738,10000,7000,10000,10000,10000,10000,0,0
336,190000,1,2,28,0,0,0,0,0,0,143464,146943,151905,153538,156664,160361,5795,7408,5645,5753,6370,5865,0,0
366,330000,2,1,56,1,-1,-1,-2,-1,-1,-9,1520,1488,0,3965,8676,1529,1507,0,3965,8676,384,0,0
436,270000,2,1,32,1,2,2,2,2,2,234752,233036,229286,217644,223690,221413,10000,8000,0,16000,8000,0,0,1
558,110000,2,2,32,0,0,2,2,2,2,65299,74565,78516,79829,81603,83206,11000,5800,3200,3200,3100,3000,0,0
560,210000,3,1,53,0,0,0,0,0,0,57192,58472,59658,60466,61593,65163,2800,2753,2400,2255,4767,0,0,0
562,360000,2,2,52,-2,-2,-2,-2,-2,-2,640,2113,-6,999,944,-3,2231,0,1005,948,0,789,0,0
574,160000,2,2,60,-2,-1,-1,0,-1,-1,3128,5156,1089,489,3177,1009,5156,1089,0,3177,1009,0,0,1
615,190000,2,1,37,1,2,2,2,2,2,115049,117856,119570,116284,123528,125478,6000,5000,0,9000,4000,5000,0,0
657,290000,3,2,27,0,0,0,0,-1,-1,13820,15614,16293,7760,2000,0,2000,1300,0,2000,1000,0,0,0
665,40000,2,1,32,0,0,0,2,2,2,24114,25417,28777,29107,29693,30456,2000,4110,1100,1200,1400,0,0,0
683,230000,1,1,35,0,0,0,0,-2,-2,4259,5432,6182,0,0,0,1250,1000,0,0,0,0,0,0
697,50000,1,1,34,0,0,0,-1,0,0,27966,28539,11597,6611,7349,7570,1267,1553,7511,1000,343,1000,0,0
716,50000,2,1,49,0,0,0,0,0,0,34962,32275,31253,32014,33573,29645,1613,2000,1500,2000,1645,1064,0,0
742,110000,1,2,30,-1,-1,-1,-1,-2,-2,1064,2001,3796,0,0,0,2007,3796,0,0,0,0,0,0
757,140000,2,2,26,0,0,-1,-1,0,0,4113,6030,16025,24616,19458,20047,2000,16025,24616,1000,1000,1000,0,0
762,140000,2,2,24,-1,-1,-2,-1,-1,-2,197,0,0,233,0,0,0,0,233,0,0,0,0,0
768,210000,1,2,28,-1,-1,-1,0,0,0,11442,3738,7526,10217,11737,8114,3738,7526,5000,5000,162,27760,0,0
770,200000,1,1,35,-2,-2,-2,-2,-2,-2,2257,4261,1265,2473,0,0,4266,1667,2473,0,0,0,0,0
785,230000,2,1,32,0,0,0,0,2,0,87764,73526,72376,76870,75211,76645,2630,2614,6000,0,3000,2800,0,1
788,230000,1,1,35,-1,-1,-1,-1,0,0,2648,191,1947,11674,16160,32519,200,1950,11692,10000,20000,6000,0,0
814,300000,3,1,29,-1,0,0,0,0,-1,24921,21333,16212,11304,11396,6138,2000,3000,0,5000,6202,0,0,0
856,30000,2,2,25,-2,-2,-2,-2,-2,-2,26957,26269,17036,27497,16098,7300,1333,2256,27497,787,200,0,0,0
869,140000,2,1,39,0,0,0,0,0,0,105192,90337,74510,73876,76180,78400,3000,6000,4000,4000,4000,3000,0,0
924,20000,1,2,24,-1,-1,2,-1,0,-1,1371,796,398,796,398,716,796,0,796,0,716,12111,0,0
943,330000,1,1,37,-1,-1,-1,-1,0,-1,4785,3403,0,5882,5882,1013,3523,0,5882,0,1013,0,0,0
958,200000,1,1,34,-1,0,0,-1,0,-1,6206,6723,7545,362,181,488,1120,1024,362,0,488,300,0,1
989,360000,2,2,25,2,2,2,2,2,2,286732,290690,284059,294308,297916,279503,10792,0,15000,5800,0,126685,0,0
1008,170000,2,1,37,0,0,0,0,0,0,166246,169163,136604,136607,133199,135242,6700,6800,4700,4700,5500,5000,0,0
1106,380000,1,1,40,-1,-1,-2,-2,-2,-2,6614,54457,47872,24543,0,0,49094,0,24543,0,0,0,0,0
1107,200000,1,1,41,-2,-2,-2,-2,-2,-2,7812,0,0,1115,0,0,0,0,1115,0,0,0,0,0
1113,90000,2,1,24,0,0,0,0,0,0,84148,79847,75576,75266,74431,68399,5006,4007,5006,4003,3014,4007,0,0
1120,120000,2,1,34,1,-1,-1,-1,-1,-1,-9,898,7752,4447,8495,0,907,7772,4447,8495,0,528,0,0
1124,200000,2,1,41,0,0,0,0,0,-1,18012,18367,16996,11461,8150,5584,1385,1020,229,183,5584,888,0,0
1189,480000,2,1,38,0,0,0,0,0,0,90258,76099,56776,37484,37906,18387,30000,1708,1292,1010,772,705,0,0
1209,230000,2,1,51,0,0,0,0,0,0,51802,53956,56968,58099,59318,60504,3000,3921,2079,2155,2174,2225,0,1
1213,290000,1,1,30,-1,-1,-1,-1,-1,-1,1312,1312,1311,1486,1488,1650,1318,1317,1493,1495,1657,35267,0,1
1224,150000,2,1,42,-1,-1,-1,-1,-1,-1,3260,2270,5887,3935,3935,3935,2270,5887,3935,3935,3935,3935,0,1
1289,20000,3,1,48,1,2,2,3,2,2,14589,16743,17522,17055,10400,0,2700,1400,0,0,0,0,0,1
1315,50000,1,1,37,2,0,0,0,-1,2,8014,7668,7081,5738,6461,4822,1200,1000,91,11283,0,1000,0,0
1319,390000,1,1,34,1,-2,-1,-1,-2,-2,0,0,1266,0,0,0,0,1266,0,0,0,0,0,0
1328,180000,2,2,25,0,0,0,0,2,2,4745,5765,6631,8386,8109,8820,1257,1123,1878,0,1000,0,0,0
1498,130000,2,1,34,0,0,0,2,0,0,59955,61252,65399,63800,65312,37838,2260,5203,0,2670,1342,1815,0,0
1540,110000,3,2,28,0,0,2,2,0,0,85918,87442,82975,80446,80006,80421,4000,6000,12,3100,3200,3000,0,0
1562,150000,1,2,34,-2,-1,2,0,0,-2,0,13206,10227,398,0,0,13206,0,0,0,0,0,0,0
1564,30000,3,1,56,0,0,2,2,0,0,16088,24800,25098,24396,24907,25555,9000,1000,0,903,1061,942,0,0
1621,30000,1,2,26,-1,-1,-1,-1,-1,2,2635,807,11428,2462,3605,1559,1270,11500,2462,1559,0,3192,0,0
1623,40000,1,2,26,0,0,0,0,0,0,12308,13604,14873,15624,15972,16308,1500,1500,1000,600,600,1700,0,0
1659,190000,2,2,31,-1,-1,-1,-1,-2,-1,771,0,4251,0,0,6732,0,4251,0,0,6732,11306,0,0
1674,220000,1,2,36,-2,-2,-2,-2,-2,-2,0,420,0,584,790,0,420,0,584,790,0,1309,0,0
1728,60000,2,1,42,2,2,0,0,0,0,57598,50821,19638,18919,16853,29682,0,2000,2000,1000,20000,10000,0,1
1838,290000,2,1,40,0,0,0,0,0,0,274558,256910,229566,148812,53157,47998,10700,11014,5800,1820,2000,2000,0,1
1865,420000,2,2,35,-1,-1,-1,-1,-1,-1,7572,18847,16615,14156,9058,3281,18920,16615,14156,9058,3281,5971,0,0
1871,100000,2,1,31,0,0,-1,-1,0,-1,92265,93873,1473,2946,1473,540,5000,1473,2946,0,540,780,0,0
1873,130000,3,2,32,0,0,0,0,0,2,119312,116259,103438,49319,91191,82168,20021,40354,20000,43608,103,10000,0,0
1910,80000,1,2,29,0,0,0,0,0,0,26524,23224,23141,22160,21478,20441,1500,1700,1000,1000,1000,1500,0,0
1997,60000,1,2,24,0,0,0,0,0,0,15050,16203,16891,15474,14612,16354,2000,1300,2000,1000,2000,1000,0,0
2035,50000,1,2,25,-1,-1,-1,-1,-1,-1,574,801,686,527,312,442,801,686,527,312,442,8016,0,0
2053,140000,2,2,42,-1,-1,-1,0,-1,-1,176,395,1204,700,748,-784,395,1204,0,748,0,2688,0,0
2081,70000,1,2,24,0,0,0,0,0,0,69572,71233,66844,50410,44958,46655,2828,2337,1702,1800,2600,2000,0,0
2103,10000,3,1,53,1,4,3,2,2,2,4479,4272,4064,3856,4390,4171,0,0,0,900,0,900,0,1
2130,340000,1,2,26,-1,0,0,0,0,-1,58363,106270,159464,155685,137838,6556,56270,59503,3330,40,6556,16390,0,0
2184,150000,1,1,55,-1,-1,-1,-2,-2,-2,2070,7620,0,0,0,0,7620,0,0,0,0,0,0,0
2221,50000,2,1,32,-1,-1,-1,-2,-2,-2,819,699,0,0,0,0,699,0,0,0,0,0,0,1
2268,230000,2,1,33,0,0,2,-1,0,0,9530,12872,3724,153400,14788,21258,7000,0,153400,8000,10000,6000,0,0
2334,210000,1,1,38,-1,-1,2,2,-1,-1,2360,4707,4465,0,9306,5855,4465,0,0,9306,5855,9840,0,0
2381,110000,2,2,28,0,0,0,0,0,0,81449,83241,84960,86045,88060,93394,4000,4000,3400,3400,7000,3450,0,0
2395,130000,2,2,24,1,-2,-1,-1,-1,-1,-10,-10,3362,-3,998,937,0,3372,0,1001,939,1013,0,0
2423,80000,3,1,39,0,0,0,-2,-1,-1,4948,3804,0,0,1715,0,1000,0,0,1715,0,0,0,0
2466,100000,3,1,29,4,3,2,0,0,-1,175441,153992,132132,114431,116766,95961,0,0,0,2335,102075,0,0,1
2485,80000,2,2,27,1,2,2,0,0,0,81635,83465,81472,82332,84067,78510,3716,0,2989,3105,2973,2830,0,0
2561,310000,1,2,32,-2,-2,-2,-2,-2,-2,20138,8267,65993,8543,1695,750,8267,66008,8543,1695,750,7350,0,1
2581,360000,2,2,31,0,0,-2,-2,-2,-2,17582,0,0,0,0,0,0,0,0,0,0,0,0,0
2601,130000,3,2,36,1,-2,-2,-2,-2,-2,0,0,0,0,0,0,0,0,0,0,0,0,0,1
2621,50000,2,2,44,0,0,0,0,-1,-1,49006,49139,47608,3990,390,0,2000,1000,3600,390,0,4870,0,0
2635,200000,1,1,42,-2,-2,-2,-2,-2,-2,0,0,0,0,0,0,0,0,0,0,0,665,0,1
2730,250000,2,2,40,-2,-2,-2,-2,-2,-2,0,1069,-320,-320,1680,4058,1069,320,0,2000,4058,3000,0,0
2737,50000,2,1,28,0,0,0,0,0,0,50998,51103,50262,20304,20319,20330,2209,1726,710,724,733,712,0,0
2812,50000,2,2,24,0,0,0,0,0,0,39083,40150,41181,41996,43021,45700,1700,1700,1501,1700,3400,0,0,1
2822,30000,3,1,60,-1,3,2,0,0,3,5867,5621,4090,2829,2108,1801,0,0,0,1801,0,0,0,1
2847,350000,1,2,31,0,0,0,0,0,2,181550,177978,164481,198545,232543,165288,10000,20000,100048,60000,0,5000,0,0
2886,230000,3,1,37,0,0,0,0,0,0,228342,189966,142377,143828,143698,143342,6100,7000,5356,5400,5200,5500,0,0
2891,150000,2,1,36,0,0,0,0,0,0,296846,301634,314201,84135,90500,0,7143,13700,15000,7500,0,0,0,0
2930,80000,2,2,28,0,-1,-1,0,0,0,18112,8857,69841,59075,58998,61038,10084,79200,2108,2200,3006,2523,0,0
2959,20000,2,1,36,1,-2,-2,-2,-2,-2,-25,-25,-25,-25,-25,-25,0,0,0,0,0,0,0,0
2979,120000,1,2,31,-1,-1,-1,-1,-1,-1,325,325,325,325,325,1866,325,325,325,325,1866,325,0,0
2983,170000,1,2,30,-2,-2,-2,-2,-2,-2,3733,1958,5956,1836,3959,1285,1958,5956,1842,3959,1285,0,0,0
2984,360000,1,2,37,-1,-1,-1,-1,-1,-1,3355,5865,3300,6290,8220,28410,5865,3300,6290,8220,28410,4845,0,0
3096,360000,1,1,39,-1,-1,-1,-1,-1,-1,165,853,165,300,0,1790,853,165,300,0,1790,0,0,0
3119,60000,2,1,43,0,0,0,0,0,0,57033,58994,59732,36914,37684,38613,2880,2473,1322,1366,1554,1369,0,0
3132,150000,1,2,24,-1,-1,-1,0,0,-1,4857,1729,49200,50000,0,50000,1733,49200,1000,0,50000,0,0,0
3134,210000,2,1,37,0,0,-2,-2,-2,-2,22908,32513,6192,2885,8419,2810,32513,9,8,8444,3118,0,0,1
3156,300000,1,1,38,-1,-1,-1,-2,-2,-2,1008,228,0,0,0,0,228,0,0,888,0,0,0,0
3166,150000,1,2,28,-2,-2,-2,-2,-2,-2,0,0,0,0,0,0,0,0,0,0,0,0,0,0
3245,50000,2,1,26,0,0,0,0,0,0,44335,44626,40928,29367,29156,27337,2126,2104,990,1200,1654,897,0,0
3302,20000,2,2,24,0,0,0,0,0,0,20073,19940,19441,18680,19071,19217,1319,1291,656,679,784,376,0,0
3343,50000,2,2,28,0,0,0,0,0,0,46096,25370,26331,24749,25269,26847,1442,1403,1000,919,2000,1000,0,0
3373,340000,2,2,32,0,0,0,0,0,0,80174,82761,83636,85282,87070,88828,3871,3136,3014,3123,3168,4855,0,0
3384,110000,2,1,36,1,2,0,0,2,2,10448,10144,14516,19396,9298,14116,0,5000,5000,0,5000,0,0,1
3397,210000,1,2,43,1,-1,0,0,0,0,-3309,177952,167125,139784,142662,145725,184212,5482,3493,3590,3815,3876,0,0
3494,120000,2,2,24,0,0,0,0,0,-1,11296,12200,11761,6761,7189,1087,1400,1000,0,1000,1087,801,0,0
3565,80000,2,1,46,-1,-1,-1,0,-1,-1,2350,2350,4700,2350,2350,2350,2350,4700,0,2350,2350,350,0,0
3571,180000,1,2,35,0,0,0,0,0,0,66376,67033,68862,71970,69843,67219,5000,4000,5000,3000,2700,3000,0,0
3636,270000,2,1,30,0,0,0,0,0,0,62599,59368,57856,49804,47310,42812,5000,5000,5000,5000,5240,5000,0,0
3666,100000,2,1,28,0,0,0,0,0,0,36428,48850,20904,13955,14573,16084,6000,5000,1000,4000,5000,8000,0,0
3710,50000,2,2,29,0,0,0,0,-2,-2,47411,19817,15688,0,0,0,1300,1210,0,0,0,0,0,1
3713,60000,2,1,36,1,-2,-2,-2,-1,2,0,0,0,0,982,832,0,0,0,982,0,1500,0,0
3781,140000,1,1,39,-2,-2,-2,-2,-2,-2,4654,5525,5088,4480,2338,4250,5525,5088,4480,2338,4733,22566,0,0
3797,20000,2,2,32,0,0,0,0,0,0,129106,127610,107828,102937,98525,77711,4420,3650,3120,3200,2900,2000,0,0
3865,30000,2,2,23,0,0,0,0,0,0,19594,20619,21631,22062,22707,23312,1346,1358,789,1000,981,1010,0,0
3930,50000,2,1,29,0,0,0,0,0,0,26052,27631,29128,29707,28825,29022,2000,2000,2500,1033,1053,1034,0,0
3994,110000,2,2,23,0,0,0,0,-1,0,1877,2507,1320,1270,63697,51866,1000,1000,100,63697,2427,2050,0,1
4011,140000,3,2,31,0,0,0,0,0,0,92636,94641,96667,98883,79972,81642,3500,3600,3900,3000,3000,3200,0,0
4023,250000,1,1,44,-2,-2,-2,-2,-2,-1,4976,5417,7948,1797,1580,12573,5417,7948,1797,1580,12573,4338,0,0
4164,160000,2,2,29,-1,-1,-1,-1,-1,-2,2248,-2,4903,5525,-10,-10,0,4905,5525,10,0,5685,0,0
4185,350000,2,1,34,1,2,0,0,0,0,23589,22585,23263,23755,23900,25016,0,1700,1500,1000,2000,1500,0,0
4189,310000,2,1,43,1,2,2,2,2,2,266629,270414,264482,280240,285805,272059,9500,0,20000,10000,0,9755,0,1
4292,120000,1,2,30,-1,-1,-1,-1,-1,-1,316,316,316,316,316,7516,316,316,316,316,7516,316,0,0
4320,50000,3,1,45,0,0,0,-2,-1,-1,4410,4055,0,0,6553,19653,4050,0,0,6553,13100,0,0,0
4356,150000,3,2,52,0,0,-1,-1,-1,-1,5678,3608,694,-6,2266,1601,1010,696,0,2272,1605,3027,0,0
4368,50000,2,1,25,0,0,0,0,0,0,49772,50261,50630,30192,30297,28541,2082,1726,1013,1061,1135,886,0,0
4372,70000,1,2,29,0,0,0,0,0,0,66648,66638,57404,33045,30137,21832,3000,5137,968,2500,6000,5000,0,0
4382,20000,2,1,41,-1,-1,-1,-1,-1,-1,2468,1077,1140,0,7014,7696,1087,1140,0,7014,800,0,0,0
4422,260000,1,2,29,-2,-2,-2,-2,-1,-1,1476,1476,1476,1476,20976,1476,1476,1476,1476,20976,1476,1476,0,0
4519,470000,2,2,40,0,0,0,0,0,0,277185,282983,290274,294508,300646,306652,10257,11982,10536,10879,10971,11326,0,0
4537,270000,2,1,33,-1,-1,-1,-1,-1,-1,2323,5430,1152,56891,4866,9334,5434,1152,56891,4866,9533,1993,0,0
4577,90000,1,2,29,1,-1,-1,-2,-2,-2,0,194,0,0,0,0,194,0,0,0,0,217,0,0
4625,240000,2,1,37,0,-1,-1,0,-1,-1,1854,1346,3195,1932,7363,1546,1346,3195,0,7383,1546,4390,0,0
4678,360000,1,1,35,-1,-1,-2,-2,-2,-2,10621,0,0,0,150,137,0,0,0,150,137,0,0,0
4681,220000,1,2,29,0,0,0,0,0,0,224852,224416,173565,176156,175745,160362,10235,8000,7000,7000,7000,7000,0,0
4683,500000,1,2,47,-2,-2,-2,-2,-2,-2,0,3270,30760,143791,-200,-200,3270,30760,143791,0,0,0,0,0
4724,200000,2,2,31,0,0,0,0,-2,-2,8350,4750,5134,245,56,167,2001,1001,501,201,501,501,0,0
4828,60000,2,2,31,0,0,0,0,0,0,58173,59626,55775,28187,28978,27119,3400,2300,1200,1200,1500,1500,0,0
4851,100000,1,2,30,0,0,0,0,0,0,90375,81572,71451,68530,66844,65820,3007,3200,3000,3500,2600,2500,0,0
4858,50000,3,1,32,1,2,2,2,0,0,45652,44646,47619,46455,47432,48442,0,4000,0,1432,3100,0,0,1
5018,190000,2,1,34,0,0,2,2,2,0,86730,93705,91317,96079,94428,100618,9310,0,7200,0,8000,4000,0,0
5073,130000,1,1,55,0,0,0,0,0,0,126205,128064,131524,46445,44973,45578,4998,5946,1620,1623,1659,1749,0,0
5105,70000,3,2,40,0,0,0,0,0,0,60525,60932,60190,25126,24718,27726,14011,14494,6019,7010,8007,5008,0,0
5107,20000,5,3,35,0,0,0,0,0,0,17962,17858,17972,16592,15369,16247,1336,1211,1500,1300,1500,1000,0,0
5181,340000,1,2,47,0,0,0,0,0,0,326065,339260,332032,280450,282510,281197,20070,12747,9582,20070,18092,20102,0,1
5200,70000,3,2,24,1,2,2,0,0,0,69346,70864,68645,28929,28597,28237,3200,13,1008,1103,1100,850,0,0
5291,180000,2,1,42,0,0,0,2,0,0,102449,104807,111048,107782,110879,113666,5500,9500,0,5000,5000,5000,0,0
5324,180000,2,2,28,1,-2,-2,-2,-2,-2,0,0,0,0,0,0,0,0,0,0,0,0,0,0
5350,80000,1,2,23,1,2,0,0,2,2,80461,78259,66068,50748,51490,50626,37,2122,3600,1600,18,1800,0,1
5359,230000,2,2,30,0,0,0,0,0,0,74664,63540,66131,58430,72617,66787,3000,10000,10000,20145,11745,686,0,0
5377,50000,2,2,28,0,0,0,0,0,0,19969,27267,19833,24014,27429,29189,8000,3302,5000,6500,10000,20000,0,0
5383,40000,2,1,38,0,0,0,0,0,0,38491,36881,37968,36155,36933,37666,3000,2000,1500,1500,1500,2000,0,0
5401,500000,2,2,49,-1,-1,-1,0,0,-1,27891,8970,385228,391047,0,150,8982,385228,7821,0,150,363,0,0
5427,50000,2,1,49,-1,-1,-1,-1,-1,-1,12515,9115,1198,198,1198,11198,9115,1198,198,1198,11198,29358,0,1
5522,30000,1,2,25,0,0,0,0,0,0,19783,20959,22269,22601,23085,23646,1500,1668,1000,1000,944,762,0,0
5606,340000,1,1,39,0,0,0,0,0,0,250571,251917,256908,260462,265927,271766,9125,11750,9325,9665,10274,9832,0,0
5647,160000,2,2,26,0,0,0,0,-1,-1,8218,4450,3291,1623,905,0,1216,1000,32,905,0,0,0,0
5755,220000,1,2,24,2,0,0,0,0,0,161081,158578,161256,157028,159971,168805,7100,7200,5800,5900,12000,0,0,1
5774,270000,2,2,26,0,0,0,0,0,0,29951,12211,13533,14391,15255,16273,1300,1533,1391,1255,1273,1000,0,0
5840,80000,1,2,25,-2,-2,-2,-2,-2,-2,0,0,988,0,0,0,0,988,0,0,0,0,0,0
5850,280000,3,1,61,0,0,0,0,0,0,162734,146990,149201,152377,155764,148302,7000,6000,5500,5800,5200,6000,0,0
5866,320000,1,2,31,-2,-2,-2,-2,-2,-1,1345,5458,9572,3826,737,3865,5458,9579,3826,737,3865,300,0,0
5930,50000,3,1,54,0,0,0,0,0,0,16648,16200,15622,14277,12930,11657,1588,1483,611,458,403,351,0,0
5961,340000,2,1,52,0,0,0,0,0,0,331508,319742,255166,197695,201907,195961,12100,10000,7000,7000,7000,8000,0,0
5976,50000,2,2,24,0,-1,-1,0,0,-2,14814,9631,36631,29150,0,0,10755,36671,583,0,0,0,0,0
5979,90000,2,1,45,-1,-1,-1,-1,-2,-2,37453,9009,179,0,0,0,24509,179,0,0,0,0,0,0
6002,500000,1,2,37,-1,-1,-1,-1,-1,-1,6364,1625,517,0,1450,2668,1625,517,0,1450,2668,1480,0,0
6037,80000,3,1,39,-1,-1,-1,-1,-2,-1,5280,5000,5000,0,0,5000,5000,5000,0,5000,5000,470,0,0
6059,230000,1,2,48,0,0,0,0,0,0,161083,164757,168214,159106,162436,165878,7800,7684,5600,5755,6000,6300,0,0
6062,150000,2,1,36,2,2,2,2,2,2,137723,141048,142475,143966,146736,149697,7000,5200,5300,5200,5500,5200,0,0
6065,120000,2,2,45,0,0,0,0,0,0,92000,94000,96000,98000,100000,0,2000,2000,2000,2000,0,0,0,0
6155,30000,1,2,34,1,2,2,2,2,2,24022,24744,24053,25624,25977,25413,1396,0,1967,903,0,1100,0,1
6156,30000,1,2,24,-1,-1,-1,-1,2,2,165,165,165,323,158,-1027,165,165,323,0,0,5527,0,1
6182,100000,2,1,35,3,3,2,2,0,0,61089,59556,60486,58296,33247,34118,0,2525,0,1206,1423,3400,0,1
6204,200000,1,2,29,0,0,0,0,0,0,7523,8445,9090,3270,774,0,3000,1000,0,700,0,0,0,0
6254,80000,2,1,37,-1,-1,-1,-1,-1,-1,1480,3832,898,425,0,2791,3832,898,425,0,2791,0,0,0
6280,220000,2,1,36,0,0,0,0,0,0,136556,139453,142295,145127,148159,151462,5100,5163,5196,5372,5761,5396,0,0
6388,250000,1,2,28,0,0,0,0,0,0,273927,211551,132145,88487,66701,52054,21700,11710,6030,9150,11600,48930,0,0
6391,150000,2,2,33,-1,0,0,0,0,0,46006,45425,32139,53639,51873,64675,2000,3000,40009,5000,20000,62339,0,0
6405,200000,2,2,24,0,0,0,0,0,0,39723,40586,44233,45124,46252,47207,1353,4000,1267,1500,1500,1500,0,0
6433,20000,3,1,53,0,0,0,-2,-2,-2,12237,12870,0,0,0,0,1000,0,0,0,0,0,0,0
6514,140000,1,1,41,-1,2,-1,-1,0,-1,780,390,390,780,390,390,0,390,780,0,390,390,0,0
6571,80000,2,1,56,1,-1,-1,-1,-1,-1,-2,697,-3,1186,-4,1633,699,0,1579,0,1637,4844,0,0
6588,280000,6,3,38,0,0,0,-1,-1,-1,286469,293875,296257,232,-94,143864,8024,8034,232,94,145935,5000,0,0
6598,460000,1,2,27,0,0,0,0,0,0,81252,74766,79012,74349,77504,90032,5020,10027,3001,5004,15000,5039,0,0
6617,70000,3,2,52,0,0,0,0,0,0,105991,67243,67533,28653,29253,26185,2777,1751,969,1004,938,1122,0,0
6670,340000,2,2,30,0,0,0,0,-1,-1,47664,38192,39234,20960,360,360,2000,2000,3000,360,360,45385,0,0
6789,50000,1,2,25,-1,-1,2,-1,-1,-2,13572,17983,15590,10610,0,0,5000,200,10610,0,0,0,0,0
6809,160000,2,2,30,0,0,0,0,0,0,124178,118255,111807,107418,90471,86363,4507,4000,3500,3300,3500,3000,0,0
6828,60000,1,2,24,2,2,2,2,2,3,37356,41624,40655,43974,46625,45590,5200,0,4000,3500,0,0,0,1
6880,500000,2,1,40,-1,-1,-1,-1,-1,-2,2231,-9,2312,2928,0,0,0,2321,2928,0,0,0,0,0
6958,120000,2,2,24,2,0,0,0,0,0,67714,51385,35160,13425,8517,6174,2102,1021,274,3001,1004,4005,0,1
6987,60000,1,2,27,-1,-1,-1,-1,-1,2,3136,1286,1047,-239,1475,1289,1286,1047,0,3000,0,0,0,0
6988,60000,2,2,50,0,0,0,0,0,2,59853,24975,26000,26545,30966,30330,1500,1450,965,4864,0,1001,0,0
7016,500000,1,1,45,0,0,0,0,0,0,93669,101892,76452,20965,50466,61566,10147,5331,10000,30000,12000,10000,0,0
7101,150000,2,2,24,0,0,0,0,0,0,108924,109705,108748,108116,108951,109901,4000,5500,4000,4100,4300,4000,0,0
7171,50000,1,2,23,1,-2,-2,-2,-2,-2,0,0,0,0,0,0,0,0,0,0,0,0,0,0
7194,150000,2,2,26,0,0,0,0,0,2,10693,13188,19902,23068,26184,25615,3000,7000,3500,3500,0,3500,0,1
7242,60000,1,2,24,0,0,0,0,0,0,48890,43651,34358,34986,35770,36622,2000,1800,1500,1500,1600,1500,0,0
7250,90000,1,2,28,-1,-1,-2,-2,-2,-2,350,0,0,0,0,0,0,0,0,0,0,0,0,1
7264,100000,1,2,33,1,2,0,0,0,0,55066,53612,54720,55808,56976,58108,0,2000,1998,2068,2079,2155,0,0
7288,150000,3,1,34,0,0,-1,-1,-1,-1,19130,10000,8000,0,10000,0,1000,8000,2000,10000,0,0,0,0
7294,100000,2,1,27,-2,-2,-2,-2,-2,-2,390,1780,0,0,0,0,4780,0,0,0,0,0,0,0
7307,80000,2,1,30,0,0,0,0,0,0,64596,64871,61000,48300,47300,3500,4424,1600,0,1500,1500,1500,0,0
7429,130000,1,2,32,0,0,0,0,0,0,126080,129104,130745,127344,127809,119976,7000,8000,5000,4500,4500,5000,0,0
7455,120000,1,2,29,0,0,0,0,0,0,121805,120933,120629,116316,117358,118560,4600,4300,4200,4219,4500,7600,0,0
7458,100000,2,1,34,0,0,0,0,0,0,102724,100186,102604,101856,101105,101071,4600,5000,4000,4000,4200,3800,0,0
7459,80000,2,1,37,1,2,-1,-1,-1,-1,2626,2410,3237,2760,914,0,0,3237,2760,914,0,0,0,0
7494,130000,5,1,32,0,-1,-1,0,0,0,3275,376,17055,14693,14855,14817,376,17055,575,449,1000,339,0,0
7498,150000,1,2,33,-1,0,0,-2,-2,-2,10544,11982,-18,-18,-18,-18,2000,0,0,0,0,0,0,0
7509,10000,3,2,51,0,0,0,0,0,0,53095,54562,5428,7928,6091,0,2134,1000,2500,122,0,0,0,0
7550,280000,1,1,51,-1,-1,-1,-1,-1,-1,11223,15225,4951,2408,8360,6202,15262,4951,2408,8360,6202,200,0,0
7673,300000,2,1,34,1,2,0,0,0,-1,6451,4828,6858,8048,1701,2920,0,4004,2000,0,2920,2282,0,1
7725,90000,1,2,23,-1,0,0,2,2,2,11495,10764,11304,9601,10050,8304,1200,3000,0,2000,0,2000,0,1
7736,30000,1,2,28,0,0,0,0,0,-1,36541,17625,26243,25829,-175,664,5000,11000,3000,2000,1500,0,0,0
7756,60000,2,2,29,-1,2,2,-1,2,2,4603,4186,0,1887,1543,3972,0,0,1887,0,3557,0,0,0
7800,20000,2,2,22,0,0,0,0,-2,-1,19194,19840,7627,0,0,19191,1129,1002,0,0,19191,0,0,0
7804,130000,2,1,36,0,0,0,0,0,0,26244,27068,28383,29018,29671,-2000,1550,1769,1404,1493,0,4720,0,0
7813,70000,2,1,43,0,0,0,0,0,-1,66083,67681,40849,2917,1473,917,3017,2025,58,29,917,40442,0,0
7856,20000,2,2,22,0,0,0,0,0,0,19248,20054,19133,19397,19702,20506,2000,1300,678,706,2037,0,0,0
7858,250000,1,2,31,1,-2,-2,-2,-2,-2,-129,-129,-329,-329,-329,-529,0,200,0,0,200,86,0,0
7860,20000,2,2,21,0,0,2,0,0,0,13660,15056,15400,12900,19500,0,2000,1000,0,6600,0,0,0,0
7881,50000,2,2,24,2,2,7,7,7,7,2400,2400,2400,2400,2400,2400,0,0,0,0,0,0,0,1
7913,180000,1,2,27,0,0,0,0,0,0,95757,98098,101255,101341,98419,85259,3880,5114,3238,3401,2980,3000,0,0
7932,150000,2,2,22,0,0,0,-1,0,0,7600,8749,10652,32330,15681,6173,1300,3652,33866,410,200,776,0,0
7957,30000,2,2,23,-1,-1,-1,-2,-2,-2,390,780,0,0,0,0,780,0,0,0,0,0,0,0
8022,80000,2,1,40,2,2,2,2,0,0,78610,80666,82713,80838,49575,48354,3900,4000,0,1920,1800,1800,0,1
8079,200000,2,1,28,-1,-1,-1,0,-1,-1,2816,316,632,316,316,316,316,632,0,316,316,316,0,0
8110,420000,2,1,40,-2,-2,-2,-2,-2,-1,3976,2892,2890,3391,2409,4270,2916,7898,3401,2416,4281,3785,0,1
8149,30000,1,1,30,0,0,2,2,0,0,15199,17728,19129,18527,18758,19285,3100,2000,0,679,837,721,0,1
8154,160000,2,2,33,-1,-1,-1,0,0,0,11859,0,11354,13012,17388,24140,0,11354,2000,6000,13000,11000,0,0
8161,70000,3,1,32,0,0,0,2,0,0,10856,10822,13627,10852,12676,14463,2000,3000,0,2000,3000,4000,0,0
8187,360000,2,1,42,0,0,0,0,0,0,118368,124934,131328,137605,140729,146194,10000,10000,10000,5500,8000,6000,0,0
8189,250000,1,1,37,-2,-1,2,2,-1,0,0,2886,2325,177,8068,5587,2886,202,0,8068,620,0,0,0
8201,50000,2,2,24,0,0,2,2,0,0,46393,50022,50895,48598,47668,45400,4700,2000,0,2200,2000,2000,0,0
8204,20000,1,2,22,0,0,2,0,0,0,10003,13329,11613,10750,10606,7263,4211,0,237,242,163,22,0,0
8236,330000,2,1,28,0,0,0,0,2,2,225079,229947,233122,246414,253338,249107,10000,8507,17215,11000,0,12000,0,0
8243,210000,2,1,50,1,-2,-2,-2,-2,-2,0,0,0,0,0,0,0,0,0,0,0,0,0,0
8302,110000,1,2,27,0,0,0,0,0,-1,8086,8848,9283,8950,8943,333,1232,1000,0,326,333,12425,0,0
8303,30000,3,2,24,1,3,2,2,2,0,23031,22393,21736,23192,22701,22954,0,0,1800,0,1000,1000,0,0
8392,320000,2,1,55,-2,-2,-2,-2,-2,-2,11973,4076,7879,5436,51529,18088,4093,7917,5459,51787,18178,3659,0,0
8407,230000,1,2,29,-1,-1,-1,-1,0,-1,2521,-1000,12009,5627,215,3039,0,13009,8018,0,3039,2000,0,0
8434,260000,3,1,41,-1,-1,-2,-1,-1,-1,1145,-4,-4,2177,158,0,4,0,2181,158,0,0,0,0
8435,160000,1,1,34,-1,-1,-1,-1,-1,-1,430,430,430,850,3350,4874,430,430,850,3350,4874,9858,0,0
8472,30000,2,2,22,2,0,0,0,0,3,18796,20489,22142,25438,28453,27699,2000,2000,4000,3600,0,2200,0,1
8479,50000,1,2,24,-1,-1,-1,-1,-1,-1,1303,1303,748,1693,1138,748,1303,748,1693,1138,895,1528,0,0
8486,30000,2,2,41,0,0,0,0,0,0,25159,25931,27369,25111,22235,19000,1762,2200,790,922,663,1310,0,0
8490,180000,2,2,34,-1,-1,-1,-1,-1,-1,194,191,187,176,188,187,200,187,180,200,187,750,0,0
8504,280000,1,2,28,-1,-1,-1,0,0,-1,3678,1829,10002,13476,23572,14603,3658,10020,10000,11000,14603,3819,0,0
8527,110000,1,2,25,0,0,0,0,0,0,63594,56267,53550,44084,42077,37770,2260,1499,1309,1487,2000,5000,0,0
8599,50000,2,2,24,1,2,0,0,0,0,49469,42983,40307,17575,14691,14393,0,2199,1000,5000,2000,5000,0,1
8654,130000,2,1,31,-1,-1,0,0,0,0,6279,10862,5878,15306,8015,5965,11054,5172,14593,727,5222,4200,0,0
8656,110000,2,1,33,1,2,0,0,0,0,7801,5289,9893,9986,9981,11714,0,5000,500,400,2000,0,0,0
8660,50000,2,2,24,1,-2,-2,-2,-2,-2,0,0,0,0,0,0,0,0,0,0,0,0,0,0
8667,230000,1,2,31,1,-1,-1,-1,0,-1,-22,227,3480,3555,1850,1580,249,3480,3555,0,1580,520,0,1
8690,230000,1,2,26,-1,-1,-2,-2,-2,-2,3741,0,0,0,0,0,0,0,0,0,0,1010,0,1
8755,210000,1,1,36,0,0,-2,-2,-2,-2,15991,0,0,0,0,0,0,0,0,0,0,0,0,0
8767,20000,2,2,27,0,0,0,0,0,0,15703,17140,18127,18605,16351,16928,2000,1600,1030,1000,1000,1000,0,0
8784,50000,2,1,34,0,0,0,0,2,0,37643,29647,24965,7592,1582,1099,1538,1575,1582,593,242,17012,0,0
8809,80000,1,2,25,1,2,0,0,2,2,5999,5758,7039,7595,7053,7082,0,1416,943,100,443,0,0,1
8821,60000,1,2,33,0,0,2,0,-1,-1,11237,20978,12861,7888,7463,3192,10000,0,0,7463,6384,18704,0,1
8844,40000,3,1,24,1,8,7,6,5,4,25933,25589,25234,24579,23635,22680,0,0,0,0,0,0,0,0
8868,150000,1,1,30,2,0,0,0,0,0,151060,139648,119043,112072,113932,105706,3864,3868,2808,3037,2583,1079,0,1
8934,280000,2,2,43,0,0,0,0,0,0,31248,32081,32897,33350,34047,34525,1527,1541,1192,1233,1239,1273,0,0
8938,170000,1,2,30,2,0,0,0,0,0,27267,28523,29742,30183,31041,31871,2000,2000,1233,1500,1500,2000,0,1
8953,160000,3,1,30,-1,-1,0,-1,-1,-1,2215,8977,3300,10770,11800,10043,8977,1000,10770,11800,10043,5325,0,0
8967,40000,3,2,23,2,2,2,0,0,0,34415,35170,34305,34985,35719,36428,1600,0,1250,1296,1302,1348,0,1
8986,60000,2,2,44,0,0,0,0,0,0,43221,41539,40356,39672,39863,40319,2021,1918,1390,1576,1647,1516,0,0
9008,200000,1,1,58,-2,-2,-2,-2,-1,-1,-200,-200,-200,0,5957,0,0,0,200,5957,0,0,0,0
9031,80000,3,1,54,0,0,0,0,0,0,76752,77528,68966,63972,50072,51239,3768,3009,2009,1818,2000,6000,0,0
9036,420000,2,2,25,-1,2,0,0,0,-2,2804,2615,3392,4392,-796,-796,0,1000,1000,0,0,20500,0,0
9045,500000,1,1,36,-1,-1,-1,0,0,-1,51465,24201,384973,349790,315125,16576,24201,384986,7017,6342,16576,43710,0,0
9053,280000,2,1,50,-1,-1,-1,-1,-1,-1,25040,41270,570,1068,48313,10252,41275,570,1074,48313,10252,19226,0,0
9062,220000,1,1,46,2,2,0,0,0,0,243517,228368,224414,196229,190050,183779,0,10000,7200,7001,6900,6400,0,0
9091,500000,2,2,28,0,0,0,0,0,0,215459,201715,141177,130352,126422,113148,7412,4721,3854,3622,3433,3201,0,0
9160,120000,2,2,37,0,0,0,0,0,0,93822,96916,99051,99927,101541,103379,4848,4877,3625,3600,3751,3900,0,0
9182,140000,2,2,25,0,0,0,0,0,0,137585,131666,114989,81475,82812,71484,6200,4246,5000,3000,3000,2800,0,0
9235,40000,2,2,33,1,2,2,0,0,-1,21576,23242,21057,20746,20613,867,3000,0,1000,1062,1600,1542,0,0
9245,90000,2,1,32,1,-1,-1,-1,-1,-1,0,323,0,2520,1651,0,323,0,2520,1651,0,0,0,0
9399,390000,2,2,48,0,0,0,0,0,0,171189,176989,178698,182101,155517,154668,10000,10000,8004,10000,6000,10000,0,0
9435,10000,2,2,22,-1,-1,0,0,0,0,656,8748,9644,9541,8971,9645,10128,1200,400,323,1600,300,0,0
9445,130000,2,1,53,0,0,0,0,0,0,126750,119997,108738,71835,62539,61906,5996,4148,2477,2346,2640,30000,0,0
9492,280000,3,1,51,-2,-2,-2,-2,-2,-2,2158,0,0,0,0,0,0,0,0,0,0,0,0,0
9546,200000,2,2,32,0,0,0,0,0,0,165074,170905,186093,188139,141208,144242,10000,20000,6000,5300,5500,4600,0,0
9562,100000,3,2,27,0,0,0,0,0,0,83587,85389,86981,81522,81171,79766,3151,3065,2892,2936,3000,3000,0,0
9769,50000,3,2,61,1,2,0,0,2,0,47731,45925,47041,49180,47500,48479,0,2200,3600,0,1763,1725,0,1
9838,180000,2,1,30,0,0,0,0,-1,-1,39259,41054,25590,5817,13623,-2202,3000,6000,1000,13623,388,77001,0,0
9899,250000,1,1,42,0,0,-1,-1,0,-1,249406,256400,13600,3274,2446,26710,11400,13600,3274,0,26710,12000,0,0
9900,360000,2,2,34,0,0,0,0,0,0,205363,207315,211278,215020,218771,222172,8000,8000,8000,7766,7803,7971,0,0
10008,100000,2,1,38,2,2,2,0,0,2,37516,38622,37706,38148,40630,39827,2000,0,1369,3100,0,1443,0,0
10010,30000,1,2,23,0,0,0,0,0,0,14790,19563,16671,13353,13232,9601,12037,10038,8057,6000,4221,3258,0,1
10015,140000,1,1,35,0,0,0,0,0,0,26187,28431,26141,24958,27574,27151,3000,2000,2000,3000,1661,3500,0,0
10087,140000,1,2,28,1,2,0,0,0,2,99215,96776,98949,100673,106935,104427,0,3932,3717,8000,0,4000,0,1
10180,210000,1,2,30,1,-2,-2,-1,-1,-1,0,0,0,830,0,10533,0,0,830,0,10533,13877,0,0
10260,100000,1,2,25,-1,-1,-1,-1,-1,-1,9424,1259,586,3195,3732,42605,1259,586,3195,3732,42605,30583,0,0
10262,80000,2,2,26,0,0,0,0,0,0,11284,10110,10859,59187,111059,56320,1500,1000,56500,2500,2500,2000,0,0
10278,30000,3,1,35,0,0,0,0,0,0,23697,20523,20762,22535,22622,11400,3000,3102,3008,3136,1103,0,0,0
10285,220000,1,1,41,0,0,0,0,0,0,219198,114930,100749,74457,68604,53333,5068,5000,2000,3000,3000,1000,0,0
10306,120000,2,1,41,-1,-1,-1,-1,-1,-1,7877,11532,13695,2050,804,0,11532,13740,2050,804,0,0,0,0
10329,110000,1,2,32,0,0,0,2,2,2,30852,31957,37051,36303,42800,38381,1906,6000,0,8000,0,5000,0,0
10363,60000,3,2,40,0,0,0,0,0,0,35602,35911,36246,29831,29667,30062,1654,1762,1044,1065,1266,979,0,0
10374,70000,1,2,30,0,0,0,0,0,0,19492,20054,14016,14782,15249,15595,1600,1300,1000,701,1000,1000,0,0
10423,200000,1,2,35,0,-1,0,0,0,0,13766,39072,44758,45571,40592,7145,39124,15000,1622,2068,1000,2031,0,0
10446,230000,2,1,30,0,0,0,0,0,0,218495,223270,227807,218047,223370,206937,8270,8366,6012,9474,6962,24338,0,0
10513,150000,2,1,34,1,2,2,0,0,0,147833,148066,142163,135075,135309,135165,6130,27,4610,5000,5000,3760,0,0
10553,200000,1,2,26,0,0,0,0,0,0,199649,202127,198168,189696,192462,194025,7263,7266,7000,7940,7009,7000,0,0
10587,120000,3,2,53,2,0,0,2,0,0,66963,68780,70830,71557,73052,74502,3500,3800,2500,2804,2820,3000,0,1
10588,500000,1,2,27,0,0,0,0,0,0,78335,61234,55446,47208,32019,22318,2315,2599,1500,2019,1200,1784,0,0
10611,50000,3,1,61,0,0,0,0,0,2,20907,22236,23250,23564,30882,30242,1672,1686,1000,7764,0,1000,0,0
10768,200000,3,1,34,-2,-2,-2,-1,-1,-1,3600,-4,-4,752,0,2718,4,0,756,0,2718,2722,0,0
10819,200000,1,1,27,2,2,2,0,0,0,191406,201756,197185,146021,147473,147669,15100,3028,5169,5400,5306,5232,0,1
10842,40000,2,1,36,1,2,0,0,0,0,38430,37537,38156,39581,36506,37893,0,1575,2000,1500,2000,3000,0,1
10864,150000,2,2,24,-2,-2,-2,-2,-2,-2,1563,5689,490,0,2893,0,5689,494,0,2893,0,499,0,0
10913,10000,2,1,40,1,2,2,2,2,2,8481,8711,6946,5863,4180,4322,2000,0,450,0,600,320,0,1
10978,90000,2,1,34,2,0,0,0,-1,0,49530,18717,3053,3537,46816,47398,1449,1213,1087,47698,1740,1888,0,1
10990,110000,2,1,28,1,2,0,0,0,0,106932,103381,75794,76947,79105,72344,27,4000,3000,3000,10000,3000,0,0
10996,500000,2,2,27,0,0,0,0,0,0,196931,138247,96888,16476,12534,394163,5188,3417,3000,1276,388071,11700,0,0
11020,360000,2,1,37,-1,0,0,0,0,0,725,1172,1619,1266,1212,1324,1002,1002,202,501,502,501,0,1
11035,30000,3,1,38,2,2,0,0,2,2,5685,5448,7347,8024,7751,9607,0,2000,800,0,2000,0,0,1
11055,160000,3,1,44,1,-1,-1,-2,-2,-1,0,14121,0,0,0,150,14121,0,0,0,150,790,0,0
11069,50000,1,2,30,-1,-1,-1,-1,-1,-1,14855,7468,12372,14029,14298,16496,7468,12534,14031,14298,16496,600,0,0
11078,260000,2,1,40,-2,-2,-2,-2,-2,-2,209,217,613,2339,1474,1254,217,613,2339,0,1254,431,0,0
11102,60000,1,2,25,-2,-1,-1,-1,-1,-1,564,2035,2175,3528,10260,6378,2045,2175,3528,10260,6378,6869,0,0
11109,210000,1,2,32,-1,2,-1,-1,-1,-1,552,276,381,404,943,1909,0,381,404,943,1909,465,0,0
11132,150000,2,2,23,0,0,0,0,0,0,146480,147880,146958,147218,146817,103651,6380,4570,4500,5000,3300,1300,0,1
11134,500000,2,2,39,-1,0,-1,-1,-1,2,17749,22130,42532,-118,67910,54976,10106,42744,0,68445,42,1232,0,0
11169,20000,1,2,25,0,0,0,0,0,0,15465,16489,17509,17856,18270,18967,1280,1300,637,700,1000,1600,0,0
11173,60000,3,2,26,0,0,0,0,0,0,58643,47548,48491,28518,29157,30073,2100,2000,1000,959,1300,500,0,0
11213,130000,3,1,57,0,0,0,0,0,0,125824,80801,81929,41671,42034,32219,4000,4000,3000,2500,1500,2000,0,1
11218,30000,2,1,31,-1,2,2,3,2,2,699,309,-471,1479,1320,930,0,0,1950,0,390,0,0,1
11249,60000,2,1,48,0,0,0,0,0,0,46578,39085,18628,19002,19715,18900,1308,1290,664,1003,693,759,0,1
11261,20000,3,1,54,0,0,2,0,0,2,6268,8221,6997,8028,9510,8815,3000,0,3000,2000,0,5363,0,0
11333,20000,2,2,23,-1,0,0,0,0,0,6872,7805,8801,18601,18909,39156,1204,1200,10000,538,10000,600,0,0
11353,130000,2,1,27,-1,-1,-1,-1,0,0,792,0,396,485,46773,47313,0,396,485,46684,1700,1712,0,0
11356,180000,3,1,41,-1,-1,-1,-1,-2,-1,3600,5184,5719,0,0,7632,5184,5719,0,0,7632,0,0,0
11382,360000,2,1,46,-1,-1,-1,-1,-1,-1,6402,13301,3762,7483,6399,9145,13389,3785,7527,6418,9187,15762,0,1
11433,80000,2,1,31,0,0,-1,0,-1,-1,3601,-876,6440,2802,1290,4547,9,9242,0,1290,4547,1850,0,1
11486,150000,2,1,34,2,0,0,0,0,0,30821,33009,34867,24438,18883,14737,3000,3000,1000,2000,4500,0,0,0
11489,70000,1,2,33,0,0,0,0,0,0,39416,40784,42791,43797,44938,47177,2000,3000,1718,2000,3000,1630,0,0
11580,90000,3,1,39,0,0,0,-1,-1,-1,4968,4713,2290,1764,1728,1954,1203,1005,1764,1728,1954,1416,0,0
11586,90000,2,1,47,2,2,2,0,0,2,61066,62999,61388,64376,67347,74960,3500,0,4000,4000,8900,0,0,1
11595,190000,2,1,33,0,0,0,-2,-2,-2,40173,41150,0,0,0,0,2200,0,0,0,0,0,0,0
11602,150000,3,1,35,0,0,0,0,0,0,89604,97129,98795,98925,100017,99607,10000,4275,3550,3750,3600,3100,0,1
11606,170000,2,1,34,-1,-1,-1,-1,-1,0,326,326,326,326,652,326,326,326,326,652,0,326,0,0
11692,450000,1,1,33,0,0,0,0,0,0,67139,60995,62728,63223,63011,43156,3000,3000,2000,8110,2600,2000,0,0
11769,260000,2,2,27,0,0,0,-1,-1,0,25419,19045,19270,11915,114479,24511,3000,3017,11915,114479,2000,2500,0,0
11794,30000,3,3,26,1,2,0,0,0,0,30698,29034,28317,27872,28456,28230,0,1442,986,1021,1015,1143,0,1
11808,200000,1,2,32,-1,-1,-1,-1,-1,-1,326,6914,2343,23834,11000,1315,6914,2343,23834,11000,1315,1934,0,1
11815,30000,1,2,29,0,-1,0,0,0,0,8326,557,8557,8400,20966,13638,557,8000,43,20109,222,62,0,0
11855,70000,2,1,27,2,2,2,2,2,0,31455,34623,34757,35888,35180,35941,4000,1000,2000,0,1500,3000,0,1
11870,170000,2,1,34,-1,-1,-1,-1,-1,-1,1837,1328,321,0,3857,0,1328,324,0,3857,0,253,0,0
11888,360000,1,1,35,1,-1,2,0,0,0,0,2819,2600,2800,2800,0,2819,0,200,0,0,0,0,0
11937,50000,2,1,49,-1,-1,0,0,-1,-1,3126,25362,23683,22833,1352,20791,25368,1237,457,1354,20794,540,0,0
11947,30000,2,1,25,0,0,0,2,2,2,29883,27523,31010,30207,31203,30554,2000,4273,0,2640,0,1500,0,1
11985,470000,1,2,30,-2,-1,-1,-2,-1,-1,1689,499,350,2277,41523,2175,499,350,2277,41523,2175,6351,0,1
11989,360000,1,2,32,1,-2,-2,-1,-1,-1,0,0,0,499,1113,392,0,0,499,1113,392,455,0,0
12041,240000,1,2,39,0,0,0,0,0,0,123704,125133,128856,131620,134413,137188,4905,5800,4900,4900,5000,4515,0,0
12081,50000,2,1,36,-1,-1,-2,-2,-2,-2,4782,0,0,0,0,0,0,0,0,0,0,0,0,0
12099,120000,1,2,28,-1,2,-1,-1,2,2,594,594,15611,7628,7361,9200,0,15611,3000,0,2000,0,0,0
12112,180000,2,2,27,0,0,0,0,0,0,28978,25271,19917,22659,16114,15587,5029,12000,12659,10000,9000,9000,0,0
12116,180000,1,2,32,-2,-2,-2,-2,-2,-2,10989,228,1540,0,0,0,228,1541,0,0,0,0,0,0
12132,70000,2,2,23,2,0,0,0,2,0,69074,70811,67397,50126,47604,43429,2875,2327,3533,0,1367,1322,0,1
12146,200000,2,1,38,-1,-1,-1,-1,-1,-1,780,0,390,390,390,390,0,390,390,390,390,390,0,0
12161,30000,2,1,34,-1,-1,2,0,0,0,411,995,579,1430,1414,1398,1000,0,1420,400,400,0,0,0
12167,80000,1,2,28,0,0,0,0,0,0,53301,55444,60738,62818,45413,44793,3525,10000,7296,3000,3000,4500,0,0
12185,70000,2,1,32,0,0,0,0,0,0,67417,63334,61578,63061,64403,64948,2303,2400,2500,2500,2300,2400,0,0
12230,330000,1,2,29,-1,0,0,0,0,-1,9894,11877,14949,34292,8832,11304,3000,5001,22000,1000,11304,275,0,0
12284,210000,1,2,34,-1,-1,-1,-1,-1,-1,1262,33414,1828,0,11854,30949,33414,1828,0,11854,30288,1460,0,1
12320,240000,5,1,34,-1,-1,-1,-1,-1,-1,1731,6763,0,5717,10134,1045,6763,5717,0,10134,1045,6585,0,0
12335,120000,1,2,27,-1,-1,-1,-1,-1,-1,390,390,390,390,390,0,390,390,390,390,0,780,0,0
12471,60000,1,2,27,1,2,2,0,0,0,7169,8396,8113,8971,10824,11646,1500,0,1000,2000,1000,1500,0,0
12500,190000,1,2,29,0,0,0,0,0,0,188463,179419,165858,159374,158040,159833,6536,6031,20036,5732,5648,6011,0,0
12522,230000,2,2,41,0,0,0,0,0,0,38975,35294,39295,38459,40242,42495,5000,5000,5000,3000,5000,3000,0,0
12555,50000,2,1,23,0,0,0,0,0,0,49103,44351,38726,28598,29277,27310,1800,2128,1000,1100,1000,999,0,0
12586,500000,1,2,40,-1,-1,-1,-1,-2,-1,5158,5514,14199,1537,1537,5517,5514,14220,1537,1537,5517,550,0,0
12605,10000,3,2,22,1,2,0,0,2,0,8846,8560,9706,10406,10109,10057,0,1300,1000,0,1000,1000,0,0
12608,50000,2,2,29,0,0,0,0,0,0,9730,9067,9816,9889,8765,9136,1500,1091,1000,1000,1000,2000,0,0
12675,50000,2,2,30,-1,-1,-1,0,0,-1,1383,1383,4149,2766,1383,1383,1383,4149,0,0,1383,5419,0,0
12697,370000,1,1,42,0,0,0,0,0,0,271452,256269,200761,125646,111185,45816,11295,8300,5000,4600,10000,280000,0,0
12733,70000,3,0,34,1,2,2,2,2,2,16354,17295,16720,18438,18004,19546,1500,0,2000,0,2000,0,0,0
12753,170000,3,1,42,-1,-1,-1,-1,-1,-1,552,552,552,552,552,0,552,552,552,552,0,33290,0,0
12775,20000,2,2,23,2,2,2,2,4,3,18495,20194,18880,22215,20638,19342,3000,0,4613,0,0,0,0,1
12779,160000,2,2,27,1,-1,-1,-2,-2,-2,0,418,0,0,0,0,418,0,0,0,0,0,0,1
12811,50000,1,2,25,1,3,2,2,2,2,27796,27069,27324,29561,28952,31307,0,1000,3000,0,3000,0,0,1
13019,200000,2,2,27,0,0,0,0,0,0,65489,41413,40400,25570,10060,8619,4013,2684,5625,1020,3044,39777,0,0
13034,180000,2,2,25,-1,-1,-1,-1,-1,-1,3231,12513,-628,4940,1740,390,15000,0,10000,6000,6000,1567,0,0
13063,50000,3,2,48,0,0,0,0,0,0,45163,25870,28027,28007,28770,28929,1500,3000,1200,1200,1162,1000,0,0
13127,500000,2,1,31,0,0,0,0,0,0,21008,17863,15219,14044,14191,13650,1500,2000,1100,505,700,2000,0,0
13229,230000,1,2,33,0,0,0,0,0,0,228639,226778,184466,157857,131706,62237,10075,10135,6034,10000,3000,5000,0,0
13271,180000,2,1,35,0,0,-2,-2,-2,-2,43068,316,316,316,316,316,316,316,316,316,316,314,0,0
13298,80000,2,2,36,0,0,2,2,2,2,47502,50423,49311,52584,53589,54748,4000,0,4100,2000,2200,2200,0,0
13334,50000,1,1,25,0,0,0,0,2,0,11324,11811,13008,12540,10746,8482,1500,1433,1465,0,500,1000,0,0
13373,360000,2,2,28,0,0,0,0,0,-1,63352,58601,19567,16658,17249,247,6010,4000,0,2000,247,12000,0,0
13376,10000,3,1,58,0,0,0,0,0,0,7569,8598,9590,9782,9986,9173,1158,1150,335,346,336,1323,0,0
13377,30000,2,1,29,0,0,0,0,0,0,15455,6570,11000,12460,28778,24244,2000,5000,2000,17000,1500,2000,0,0
13504,10000,2,1,29,0,0,0,0,0,0,7170,8158,9593,10104,9923,8032,1500,2000,1000,313,356,3000,0,1
13525,80000,3,2,55,0,0,0,0,0,0,78009,78616,49662,48867,48278,46773,2420,2000,1656,1693,1767,1581,0,0
13550,200000,2,1,34,-2,-2,-2,-2,-2,-2,28484,3440,8795,13676,-1282,-1282,3440,8795,13676,1282,0,0,0,0
13564,200000,2,1,42,-2,-2,-2,-2,-2,-2,0,0,0,0,0,0,0,0,0,0,0,0,0,1
13760,150000,2,2,27,2,2,-1,-1,-1,-2,573,0,220,693,0,0,0,220,693,0,0,0,0,0
13782,270000,2,2,30,0,0,0,0,0,0,280435,276971,225836,219426,210514,180129,13600,8000,7000,10000,7000,10000,0,0
13786,240000,2,1,35,2,2,2,2,2,2,32463,33444,33996,34539,35238,35910,1800,1400,1400,1400,1400,0,0,1
13813,150000,2,1,43,0,0,0,0,0,0,158844,149298,157537,162697,113925,116382,10004,10009,8014,5008,5012,5000,0,0
13862,110000,3,1,44,0,0,0,0,0,0,13348,70263,67431,64534,65873,66974,67431,2378,2458,2530,2338,1473,0,1
13928,220000,1,1,48,-1,-1,-2,-2,-2,-2,3467,3327,839,-3,1856,1528,3340,840,3,1859,2134,1648,0,0
13929,110000,1,1,31,-2,-2,-2,-2,-2,-1,0,0,0,0,163,63755,0,0,0,163,63755,2000,0,0
13945,90000,2,2,32,2,3,2,3,2,2,76442,76633,78174,78800,77417,82369,2000,3400,2500,0,6250,3100,0,0
13964,480000,2,2,39,0,0,0,0,0,0,502904,481990,476680,402695,362128,347271,180000,17000,12638,12058,11101,9567,0,0
13972,230000,3,1,44,-1,-1,-1,-1,-1,-1,1424,6534,3733,1443,1443,1435,6553,3756,1443,1443,1435,2965,0,0
13980,50000,3,1,42,0,0,0,0,0,0,50427,48115,46991,47276,47870,47865,6506,2607,3312,13107,2648,0,0,1
13990,170000,1,2,29,0,0,0,-1,0,0,115194,111991,22499,25015,34343,53403,10000,10000,25015,10000,20000,20000,0,0
14055,30000,2,1,51,0,0,0,0,0,0,10874,11896,12906,13162,13438,13705,1205,1215,471,488,491,508,0,0
14094,500000,1,1,45,0,0,0,0,0,0,193083,210013,218508,230776,245546,255905,21507,15020,20007,20007,15912,26402,0,0
14107,300000,2,1,49,-1,-1,-1,0,0,0,300,97,6497,5897,6005,0,97,6500,0,408,0,30000,0,0
14124,150000,2,2,28,0,0,0,0,0,0,86787,89610,86738,75859,74108,75898,5120,4021,2500,3000,2800,1700,0,0
14156,20000,2,2,34,-1,-1,-1,-1,-1,-1,780,0,390,390,390,12190,0,390,390,390,12190,780,0,0
14312,210000,2,1,50,-1,-1,-1,-1,-1,-1,390,390,390,390,390,150,390,390,390,390,150,780,0,1
14342,300000,2,1,48,-1,-1,-1,-2,-1,-1,440,452,0,0,3427,1098,452,0,0,3427,1098,0,0,0
14344,360000,2,1,27,0,0,0,0,0,0,241584,249687,250227,123146,101486,93700,124900,6850,4129,5000,2790,2000,0,0
14365,180000,1,1,33,-1,-1,2,-1,-1,2,13999,17829,6608,17087,17993,8662,4176,65,17087,2013,23,32852,0,0
14376,450000,1,1,27,1,-1,-1,-1,-1,-1,-4,969,2226,1878,-25,5029,973,2243,2236,0,5054,392,0,0
14397,420000,2,1,40,0,0,0,2,0,0,33561,38901,38710,38022,20256,22743,5900,900,101,3000,3000,5000,0,0
14443,50000,1,2,34,1,-2,-2,-2,-2,-2,0,0,0,0,300,150,0,0,0,300,0,980,0,0
14503,240000,1,2,38,0,0,0,0,0,-1,138151,111189,75880,46407,12697,215281,6021,3004,4006,5000,215281,8000,0,0
14529,180000,3,2,25,0,0,0,0,0,0,120583,97341,87773,89547,91639,93991,3507,3201,3200,3500,4000,3704,0,0
14569,80000,1,2,34,0,0,2,2,0,0,75517,77078,73783,68909,66308,60687,6000,2000,0,5065,6235,3000,0,1
14582,130000,1,2,47,2,2,2,2,2,2,18454,21121,20484,22145,21652,23138,2976,0,2000,0,2000,0,0,1
14584,60000,3,1,43,2,2,-2,-2,-2,-1,4703,0,0,0,0,992,0,0,0,0,992,14000,0,1
14601,30000,2,1,38,1,2,2,0,0,0,29803,30766,29918,29071,29527,30480,1734,0,1148,1034,2667,0,0,0
14618,150000,1,1,52,-1,-1,0,-1,0,0,5094,29137,25772,48635,25907,7513,29148,25000,48635,13907,1513,46798,0,0
14670,80000,3,2,50,0,0,0,0,0,0,46914,47918,47620,48571,48525,43987,2210,1700,1614,1600,1600,1600,0,0
14686,220000,1,2,29,-2,-2,-2,-2,-2,-2,-37,5645,11731,-729,-5960,-5960,5682,11742,0,5231,0,0,0,0
14690,70000,2,2,26,0,0,0,0,0,0,35867,28496,28401,22587,24361,25424,3000,3005,3000,3000,1500,1008,0,0
14700,360000,2,2,28,-1,-1,-1,-1,-1,-1,220,2755,1380,0,1999,-1,2755,1380,0,1999,0,500,0,0
14723,80000,3,1,30,2,2,2,2,2,2,41687,42719,43018,44013,45058,46068,2000,1300,2000,1900,1900,0,0,1
14750,340000,1,2,29,-1,-1,-1,2,0,0,2688,11432,12411,9119,29280,23093,11486,12824,10,29047,6153,3523,0,0
14775,370000,1,2,28,0,0,0,0,0,0,68452,71014,72547,74501,76058,77572,3513,3046,3000,2589,2603,2695,0,0
14779,250000,2,2,24,2,0,0,0,0,0,69770,70954,70681,69497,41367,17004,3562,1914,1517,2000,8001,295,0,1
14782,180000,1,2,26,0,0,0,0,0,0,51699,48469,49553,49772,50829,51234,2200,2200,2000,2000,2100,1600,0,0
14844,100000,1,2,29,-2,-2,-2,-2,-2,-2,0,0,0,0,0,0,0,0,0,0,0,0,0,1
14969,20000,1,1,43,-1,-1,-1,0,0,-2,1716,4019,2500,1000,0,0,4027,2500,0,0,0,0,0,0
14977,30000,3,1,58,2,2,2,2,2,2,26580,27652,27905,27158,29239,29791,1800,1000,0,2518,1185,1200,0,1
15154,50000,2,2,23,2,0,0,-2,-1,-1,8730,4388,0,0,5412,6414,1000,0,0,5412,2000,0,0,1
15167,80000,2,2,22,-1,-1,-1,0,0,-1,3436,3473,10007,3584,2961,3831,3473,10020,2986,22,3835,5683,0,0
15181,50000,2,2,23,2,0,0,0,0,0,48668,48554,45445,38551,28056,28310,4034,2000,5008,1000,2000,1000,0,1
15187,80000,2,2,24,0,0,0,0,0,-1,60423,55120,20407,18839,3810,23836,2007,2000,1014,0,23836,3000,0,0
15270,60000,5,1,30,-2,-2,-2,-2,-2,-2,3591,-5,-5,0,1360,1180,0,0,5,1360,1180,3302,0,0
15293,200000,2,1,45,-2,-2,-2,-2,-2,-2,1182,0,198,3532,0,0,0,198,3532,0,0,0,0,0
15323,120000,1,2,39,-1,-1,-2,-2,-2,-2,28724,-72,-72,-72,-72,-72,0,0,0,0,0,0,0,0
15328,150000,3,1,38,0,0,0,0,0,0,105911,109006,108761,79044,79350,80594,5530,4100,3150,2211,2270,2288,0,0
15331,270000,2,1,39,0,0,0,0,0,0,161039,164354,167788,339599,174797,180313,6000,6079,6213,12840,8500,8205,0,0
15398,50000,3,1,55,0,0,0,0,0,0,23593,24787,9145,12423,41956,45112,1831,1189,3467,30000,4000,0,0,0
15399,140000,2,2,49,-2,-2,-2,-2,-2,-2,1282,367,0,3794,0,865,367,0,3794,0,865,825,0,1
15403,100000,5,1,54,0,0,0,0,0,0,95980,99056,100415,102666,63913,65246,4057,3232,3275,2290,2365,2382,0,0
15413,420000,1,1,45,1,-1,-1,-1,-1,0,0,23621,29042,35000,292962,247622,23621,29052,35000,292962,0,606,0,0
15419,240000,2,2,51,-2,-2,-2,-2,-2,-2,489,4006,696,696,696,696,4006,696,696,696,696,1542,0,0
15616,60000,2,2,28,2,0,0,0,2,-1,5669,6328,8460,10146,9413,15997,2000,3000,2500,0,15997,3000,0,1
15651,100000,2,1,36,-1,0,-1,-1,-1,-1,5788,5802,14562,6930,5958,1448,1600,14562,6969,5958,1448,101434,0,0
15657,150000,3,1,46,0,0,0,0,0,0,38985,36466,31907,33300,34681,36060,10107,20000,10000,10000,10000,10000,0,0
15766,30000,3,2,22,3,2,2,2,2,3,9340,10533,10221,16808,17738,17174,1500,0,6808,1502,0,0,0,1
15773,30000,3,2,24,2,2,0,0,2,2,31073,30279,30428,30485,31012,30402,0,1500,2700,1300,0,1117,0,1
15777,70000,2,2,24,0,0,0,0,-2,-1,64927,58840,42859,0,0,2254,2177,5000,0,0,2254,24738,0,0
15802,90000,2,2,24,0,0,0,0,0,0,35411,17417,26046,10689,12455,15181,10000,14790,5000,5249,9932,0,0,0
15846,80000,2,2,25,-1,-1,0,0,-2,-2,2177,1677,7360,0,0,0,2000,5860,0,0,0,0,0,0
15851,50000,1,2,28,1,2,2,2,2,2,51943,50800,51967,50794,51911,50976,0,4156,0,4100,0,2000,0,1
15866,400000,1,2,28,-1,-1,-1,-1,-1,2,1026,8968,1600,8799,6171,4921,9066,1608,9070,1001,3,2214,0,0
15885,70000,2,2,25,0,0,0,0,0,0,32486,33640,35286,36889,34152,36694,2000,2500,2519,5090,3100,0,0,0
15900,160000,1,1,24,-1,-1,0,0,-1,-1,2990,8619,4405,4445,2820,4970,8619,1000,4000,2820,4970,2825,0,0
15918,200000,2,2,31,0,0,0,0,0,0,101431,102604,125731,120465,118759,119378,5000,30000,5809,4002,4500,4100,0,0
15920,10000,2,2,27,2,0,0,0,0,0,6694,7546,8345,8688,8865,9046,1124,1207,1000,177,181,0,0,0
15943,160000,1,2,29,0,0,-1,0,0,0,14023,14224,101479,101454,102861,103921,1450,101505,3600,3700,3800,3500,0,0
15948,30000,2,1,30,3,2,2,7,7,7,2400,2400,2400,2400,2400,2400,0,0,0,0,0,0,0,1
15994,320000,2,1,39,-1,-1,-1,-1,-1,0,42442,3336,7210,6091,24641,30005,3336,7210,6091,24641,30000,5645,0,0
16062,30000,2,2,39,0,0,0,0,0,0,29758,30454,30221,29376,29564,28762,1500,1518,1439,1017,1032,1367,0,0
16068,80000,2,2,31,0,0,2,2,0,0,75953,81055,81587,78103,78335,78678,7000,3000,0,3000,3100,5900,0,0
16091,160000,2,1,35,2,-1,-1,-1,-1,-1,776,776,1172,380,776,1172,776,1172,380,776,1172,380,0,0
16110,200000,1,2,31,0,0,0,0,0,0,191807,195618,200170,202965,155579,124488,8500,9200,8000,7000,5000,5000,0,0
16147,110000,3,2,32,-1,-1,-1,-1,-1,0,9943,9267,4957,6037,7628,2746,9284,6960,6055,7651,8,5159,0,0
16178,50000,2,2,29,2,2,2,2,2,2,30715,29923,32700,28768,29639,28629,0,3304,4,2230,0,2009,0,1
16241,210000,1,1,38,-1,-1,-2,-2,-1,-1,29504,0,0,0,1742,0,0,0,0,1742,0,22854,0,0
16256,180000,2,2,27,1,-2,-2,-2,-2,-2,0,0,0,0,0,0,0,0,0,0,0,0,0,0
16257,130000,1,2,28,-1,-1,-1,-1,-1,-1,2936,1688,5890,1113,1283,3000,2464,5890,1113,1283,3000,883,0,0
16259,110000,2,1,33,0,0,0,2,2,2,105440,105852,111966,106068,109293,105804,5300,11000,0,8077,0,3947,0,0
16264,400000,2,1,34,0,0,0,0,0,0,95390,95654,97702,98972,101154,102371,2988,3780,3000,3004,2988,2827,0,0
16268,200000,2,2,35,0,0,0,0,0,0,4585,5859,7763,8525,6843,2865,1500,2000,1000,518,1000,296,0,0
16279,110000,2,2,32,1,-1,-1,-1,-1,0,-296,1733,-153,6540,632,316,2345,0,7009,632,0,36049,0,0
16307,30000,2,2,33,0,0,0,0,0,0,30336,29965,28048,29775,27736,26956,3005,2000,3000,3000,2000,2000,0,0
16399,140000,3,2,34,-1,-1,-1,-1,-1,-1,316,0,2549,151,0,574,0,2549,151,0,574,918,0,0
16404,20000,2,1,44,0,0,0,0,2,0,12346,13615,13674,27524,13490,15261,1500,2000,2500,500,2000,5000,0,0
16423,130000,2,1,35,0,0,0,0,0,0,125989,127884,128231,127677,125675,127318,6500,6500,6201,5000,5500,5100,0,0
16429,50000,3,1,47,0,-1,-1,-1,-1,0,1091,390,1554,390,780,390,390,1554,390,780,0,390,0,0
16452,30000,2,1,56,2,2,2,2,2,2,14909,15565,16620,16056,17386,16968,1200,1600,0,1600,0,700,0,1
16461,100000,1,1,51,0,0,0,0,0,0,94247,87079,89076,91143,77655,78518,3200,3400,3700,2800,2900,3100,0,0
16471,240000,1,1,58,-1,-1,-1,-1,-1,-1,7217,8204,3001,6861,4681,2729,8210,3001,6866,4681,2729,3138,0,0
17059,30000,2,2,22,0,0,0,0,0,0,25490,26494,27534,28177,28399,28655,1432,1472,1447,1001,1030,1059,0,1
17066,100000,2,2,24,0,0,0,0,-1,0,101614,99413,102252,89009,79853,80970,10000,17023,8942,86950,33000,7013,0,0
17124,80000,1,2,26,0,0,0,0,0,0,78025,80224,81619,80030,79434,81348,3500,3300,3100,2900,3200,3100,0,0
17189,20000,3,1,31,-1,5,4,3,2,0,14320,13815,13403,12888,12019,11500,0,86,0,0,435,480,0,1
17196,160000,2,2,29,0,0,0,-1,-1,0,21898,23075,24010,400,16903,17248,5004,8004,400,16903,345,352,0,0
17246,110000,2,2,34,0,0,2,0,0,0,10827,11657,8428,9440,11863,10620,2500,0,1200,4000,500,500,0,0
17249,20000,2,1,38,3,4,3,2,2,2,18666,18087,17517,16930,18043,17156,0,0,0,1381,0,1600,0,1
17265,240000,2,1,46,0,0,0,0,-2,-2,177221,169897,166064,0,0,0,7053,6520,0,0,0,0,0,1
17284,80000,1,1,41,0,0,0,0,0,0,73863,74970,75285,73654,75642,80984,3300,3300,3000,3500,9050,0,0,0
17352,20000,2,1,43,1,2,3,2,2,2,11501,12998,13492,12978,13962,13595,2000,1000,0,1200,0,3000,0,1
17368,150000,3,1,39,-1,-1,-1,0,-1,-1,5211,33474,18488,45489,9069,20203,33522,18516,35701,9099,20226,20786,0,0
17378,210000,1,1,38,1,-2,-1,-1,-1,-1,0,0,517,-1,932,1066,0,517,0,933,1066,462,0,0
17383,280000,1,1,44,0,0,0,0,0,0,230931,235635,197003,198808,187425,177340,8634,7665,6497,5555,5027,5065,0,0
17409,50000,2,1,39,0,0,0,0,0,0,32802,31002,32115,31824,32498,21757,1497,2000,1000,1064,1059,290,0,0
17432,20000,1,2,31,3,2,2,2,2,0,6186,5941,8541,8560,8274,9135,0,2869,305,0,1000,1000,0,1
17444,30000,2,1,38,0,0,0,0,0,2,19707,21022,22080,22810,25772,26360,1650,1700,1400,3355,1146,0,0,0
17448,220000,2,2,47,0,0,0,0,0,0,137736,130527,127116,121336,121736,119164,5100,6540,5000,5000,5000,4600,0,0
17481,230000,1,2,33,0,0,0,0,0,0,19518,21735,22599,20600,24132,38793,3735,3599,3600,4132,15000,5865,0,0
17484,50000,2,1,32,1,2,2,2,0,0,51132,49594,50292,48532,27308,27539,0,4800,0,1200,1200,1400,0,0
17531,200000,3,1,42,-2,-2,-2,-2,-2,-2,1261,1261,1261,1261,1261,1256,1261,1261,1261,1261,1256,1880,0,0
17532,180000,2,1,35,-1,-1,-1,-1,-2,-2,1264,176,1247,0,0,0,176,1247,0,0,0,1768,0,0
17538,180000,2,1,37,0,0,0,0,0,0,107337,48433,46325,47354,48323,49416,2000,1771,1800,1750,1893,2000,0,0
17559,30000,2,1,45,1,2,2,2,2,2,13440,13923,17194,16625,17442,18016,1000,3500,0,1400,1000,1000,0,0
17571,320000,2,1,40,0,0,0,0,0,0,96225,99606,100704,208794,213025,217400,5000,2704,108794,5123,5255,5333,0,0
17573,250000,1,2,35,-1,-1,-1,-1,0,0,4807,10446,17904,99464,86180,36038,10446,17911,99738,4055,0,0,0,0
17585,200000,3,1,43,-1,-1,-1,-1,-1,-1,623,623,5477,623,623,773,623,5477,623,623,773,623,0,0
17586,20000,3,1,39,2,3,2,2,3,2,15307,14769,15232,16677,16119,16548,0,1000,2000,0,1000,1000,0,1
17614,220000,1,2,30,0,0,0,-1,0,0,213525,141764,53019,143408,136786,130596,6439,2261,143408,4754,4740,5190,0,0
17635,80000,2,2,30,2,2,2,2,4,4,56761,58920,60385,64876,65245,63647,3700,3000,6100,2000,0,2000,0,1
17636,220000,2,1,31,0,0,0,0,0,0,79226,78693,78297,78980,77817,77569,3900,3500,4000,2700,3000,10000,0,0
17682,300000,1,1,47,-1,-1,-1,-1,-1,-1,514,2392,148,148,148,0,2392,148,148,148,0,747,0,1
17688,70000,1,1,35,2,2,2,2,2,2,51143,53185,55030,56530,55027,58461,3500,3300,3000,0,4500,2500,0,1
17730,220000,2,1,51,0,0,0,0,0,-2,36022,12838,8605,5352,-5048,-5048,3010,3040,1000,0,0,0,0,0
17780,80000,2,1,61,0,0,0,0,0,0,74156,73878,64656,60537,42610,42769,3000,2506,3008,3000,2000,3000,0,0
18291,30000,3,1,28,0,0,0,0,2,0,23176,23182,19083,19632,15252,14021,2867,2000,2000,0,1500,1353,0,0
18304,50000,1,2,26,0,-1,-1,-1,-2,-2,4197,934,252,-570,-570,-1000,1000,252,0,0,0,0,0,1
18309,150000,2,1,53,-1,-1,-1,-1,-1,-1,2337,5335,508,9634,3822,1769,5336,509,9636,3822,1779,1017,0,0
18315,20000,2,1,31,2,2,2,2,2,0,17727,18840,18255,20129,19528,40068,1700,0,2500,0,800,792,0,0
18320,80000,2,2,29,0,0,0,0,0,0,78626,78262,80000,82025,78521,78947,3400,3600,4000,3500,3000,4000,0,0
18335,20000,1,2,22,0,0,0,0,0,0,23050,22101,20912,19480,19129,20014,1336,2502,1700,807,2002,1007,0,0
18352,20000,2,2,22,2,4,3,2,0,0,8628,8350,8076,7798,8110,10194,0,0,0,441,2368,0,0,1
18390,200000,1,2,23,0,0,0,0,0,0,72853,73688,56073,57790,58356,60135,2933,2100,2659,2100,2700,2599,0,0
18421,40000,2,2,24,2,0,0,0,0,0,19012,20018,21047,22360,22499,22969,1326,1355,1668,807,834,837,0,1
18441,20000,2,2,23,0,0,0,-2,-2,-2,8936,9700,0,0,0,0,1000,0,0,0,0,0,0,0
18476,20000,2,2,26,0,0,0,0,0,0,16976,17687,18894,19693,19894,3473,1300,1500,1250,451,160,69,0,0
18497,170000,2,2,25,0,0,0,0,0,0,65531,64149,46188,42793,30466,25583,2019,2006,2002,788,989,1000,0,0
18503,150000,2,2,26,0,0,0,0,0,0,107506,108154,43027,4946,3460,4112,5109,1316,1004,104,2012,108008,0,0
18524,50000,1,2,24,0,0,0,0,0,0,33879,35211,36263,37061,37943,42305,1900,1918,1700,1500,5000,0,0,1
18533,50000,3,1,27,2,2,-2,-1,-1,-1,1884,570,180,2672,3101,5465,570,0,2672,3101,5465,0,0,0
18568,50000,1,2,26,-2,-2,-2,-2,-2,-2,3655,-1,-1,-1,-1,349,0,0,0,0,350,351,0,0
18573,60000,2,2,24,-1,0,-1,0,0,0,9970,7699,9479,10213,10000,11832,1020,9479,1000,200,1832,5889,0,0
18634,150000,1,2,27,-2,-2,-2,-2,-2,-2,35688,14736,36490,3125,7603,2995,14820,36672,3232,7641,3010,982,0,0
18647,390000,1,2,28,0,0,0,0,0,0,249265,253883,250654,253336,256281,257151,8903,9300,9402,10343,7000,6600,0,0
18675,230000,2,2,28,0,0,-1,-1,-1,-2,24867,24437,3900,870,0,0,4300,3900,870,0,0,0,0,0
18732,80000,1,2,23,1,2,2,0,0,0,80457,82885,80495,78027,30052,30373,4350,0,2350,1048,1077,1154,0,1
18745,220000,2,2,29,0,0,0,0,0,0,217345,100501,74430,64485,24609,23419,4030,4000,4492,1000,1000,0,0,0
18825,90000,1,2,27,0,0,0,0,0,0,83840,81111,83081,60210,61221,62636,3200,3500,3000,2600,2600,3000,0,0
18837,120000,2,1,25,2,0,0,2,0,0,17488,19002,20805,18271,18128,16405,3000,3000,0,961,2000,2056,0,1
18859,80000,1,2,29,0,0,0,0,0,0,64440,64685,64956,65183,65455,65683,3000,3000,3000,3000,2500,12500,0,0
18884,120000,1,2,32,1,-2,-2,-2,-2,-2,0,0,0,0,0,0,0,0,0,0,0,0,0,0
18920,150000,1,2,28,2,0,0,0,0,0,65809,55997,46392,36172,25767,16791,1498,1614,1227,655,2000,5000,0,1
18924,70000,2,2,29,0,0,0,0,0,0,20244,65072,61652,62788,57325,53415,50005,2312,2237,2038,2000,2127,0,0
18937,60000,2,1,28,1,2,2,2,2,2,61474,59121,63389,60919,57800,58698,0,5229,18,3779,1764,0,0,0
18957,130000,5,2,39,-1,-1,-1,-1,-1,-1,264,264,264,264,0,678,264,264,264,0,942,0,0,0
18963,100000,2,2,30,0,0,0,0,0,0,92683,84278,86977,89575,91382,93320,3324,3428,3399,2546,2671,2939,0,0
18986,200000,1,2,30,0,0,0,0,0,0,96152,102512,116813,125616,115314,114153,8000,16020,13000,7012,5000,8000,0,0
18990,50000,2,1,31,0,0,0,0,0,0,48509,50724,50453,19703,19345,20106,3310,2039,1237,634,5000,844,0,0
18993,210000,1,2,31,-2,-2,-2,-2,-2,-2,191,376,569,378,378,378,376,569,378,378,378,378,0,0
19014,160000,3,1,31,-2,-2,-2,-2,-2,-2,207,565,1990,0,0,0,565,2009,0,0,0,0,0,1
19018,50000,2,2,27,0,0,0,0,0,0,25870,21511,20952,21873,22319,24371,1325,1392,1313,759,2371,3294,0,0
19020,210000,1,2,28,-1,0,0,0,0,0,85672,68394,70305,65626,64638,67498,6009,5000,5000,5000,5000,5000,0,0
19075,260000,1,1,37,0,0,0,0,0,0,174971,161671,156296,156248,120518,122649,10000,8000,5028,5000,5000,10000,0,0
19091,70000,3,1,34,0,0,-1,0,0,0,5219,6747,19948,20231,20757,18357,3092,19948,3000,3002,1002,2102,0,0
19096,60000,2,2,45,0,0,0,0,0,0,57711,58760,49576,50802,11110,12543,2500,2384,3000,2000,2000,2000,0,0
19097,50000,2,1,30,0,0,0,0,0,0,40596,41632,42687,40614,29356,29815,2000,2047,3246,1164,1048,1100,0,0
19120,110000,2,2,35,0,0,0,0,0,0,22514,23201,23914,24886,24903,25102,1378,1723,1695,1028,1056,907,0,0
19169,210000,2,1,40,-1,-1,-1,-1,-1,-1,10240,-660,117,4890,-356,4644,0,5000,5000,0,5000,1000,0,0
19175,160000,3,1,39,0,0,-1,-1,-1,-1,102358,103698,1048,1048,1048,1221,4671,1048,1048,1048,1221,1048,0,0
19190,200000,3,1,43,1,2,0,0,0,0,119432,116014,119576,123551,129486,133262,0,5000,5000,7000,5000,5000,0,1
19203,280000,2,2,36,0,0,0,0,0,0,183797,168402,161474,152092,145229,148602,6083,5913,5293,5126,5640,5119,0,0
19208,170000,2,2,37,0,0,0,0,0,0,117527,120998,120582,112819,113932,107776,5837,4278,4021,3828,3843,3879,0,0
19216,60000,1,2,27,0,0,0,0,0,0,23690,22413,17399,16553,14259,14134,1283,1584,1217,496,662,489,0,0
19224,330000,1,2,38,-2,-2,-2,-2,-2,-2,0,0,0,0,0,0,0,0,0,0,0,0,0,1
19225,390000,3,2,45,0,-1,-1,-1,-1,0,94373,2230,609,-3261,36635,38396,2230,609,0,40396,3000,105100,0,0
19233,30000,3,2,42,0,0,0,0,0,0,26012,27175,27822,28481,28265,28852,2000,1577,1626,800,814,629,0,1
19267,200000,2,1,37,-1,-1,-1,-1,-1,-1,313,0,313,152,148,498,0,313,152,148,498,148,0,0
19275,180000,1,2,32,1,-2,-2,-1,-1,-2,-10,-10,-10,5650,-10,-10,0,0,5660,0,0,0,0,0
19308,210000,1,1,32,-1,0,-1,-1,-1,-1,7544,5525,6876,2692,5560,2866,5255,7067,2696,5560,2866,8680,0,0
19314,200000,1,1,34,-2,-1,-1,-2,-2,-1,16024,18168,10274,4726,4484,4745,18184,10274,4726,4490,4745,1283,0,0
19321,100000,2,1,35,0,0,0,0,-2,-2,28428,29753,30900,0,0,0,1800,1900,0,0,0,0,0,0
19358,30000,3,1,42,2,-1,-1,-1,0,-1,836,836,836,1672,836,390,836,836,1672,0,390,930,0,0
19366,130000,2,1,40,-1,-1,-1,-1,-1,-1,4176,11806,1984,4649,6727,473,11839,3000,4649,6727,473,1669,0,0
19369,20000,2,1,39,0,0,2,2,0,-1,15299,14112,11221,10656,7928,580,1883,3520,0,1000,580,0,0,0
19389,80000,2,1,38,1,2,0,0,0,0,84372,77773,78499,79943,77354,78655,0,2900,3102,3000,3010,3400,0,0
19391,370000,1,1,42,0,0,0,0,0,0,291006,271452,256269,200761,125646,111185,12100,11295,8300,5000,4600,10000,0,0
19422,210000,2,1,35,-1,-1,-1,-1,0,-1,188,971,2871,5087,1943,3392,971,2871,5087,0,3392,4000,0,1
19459,380000,2,1,44,0,0,0,0,0,0,268755,270405,258979,261213,264550,163860,11035,10009,11003,10500,7500,7505,0,0
19483,120000,1,2,28,-1,-1,-1,-1,-1,0,3564,2063,768,3096,2677,2592,2063,768,3146,2677,0,0,0,0
19487,180000,1,1,28,0,0,0,0,0,0,176793,173034,171772,172344,134321,131191,8000,8206,6500,5000,5000,5000,0,0
19488,180000,1,2,28,1,-2,-2,-2,-2,-2,0,0,0,0,0,0,0,0,0,0,0,0,0,0
19498,180000,5,2,34,1,-1,-1,-2,-2,-2,0,149,0,0,0,0,149,0,0,0,0,0,0,0
19512,210000,1,2,29,0,0,0,0,0,0,199251,205143,192260,168511,144980,153706,9025,8507,5740,5128,11000,0,0,0
19531,100000,2,2,34,-1,-1,-1,-1,-1,-2,1919,1831,163,1028,0,0,1831,163,1028,0,0,0,0,0
19578,80000,2,1,45,1,2,2,2,2,2,53916,52462,55327,56804,57469,58505,0,4327,3000,2200,2100,0,0,1
19585,310000,1,2,35,0,0,0,0,0,0,308105,303679,278488,256962,262381,278117,13088,9834,9500,9700,20200,11000,0,1
19635,300000,2,2,41,-1,-1,-1,-1,-1,-1,1215,43909,27785,5221,1278,3245,43943,27863,5234,1278,3245,22,0,0
19726,50000,2,2,29,0,0,0,0,0,0,24399,23495,22611,14174,10809,9004,4000,5000,4000,3000,1000,3000,0,0
19732,50000,2,1,31,-2,-2,-2,-2,-2,-2,0,323,0,0,0,0,323,0,0,0,0,0,0,0
19733,120000,2,1,32,0,0,0,0,0,0,37981,36149,37179,38500,38955,39926,1586,1616,1937,1392,1596,1684,0,0
19734,170000,2,2,38,-1,-1,-1,-1,-1,-1,13451,10539,2087,6720,23000,0,10539,2087,6720,23000,0,44400,0,0
19742,160000,1,2,32,-2,-2,-2,-2,-2,-2,6919,2384,3642,9889,4473,5375,2389,3642,9889,4473,5591,4951,0,0
19757,480000,1,1,38,0,0,0,0,0,0,29414,33482,37501,41399,35489,33081,5002,5002,5031,1006,986,986,0,0
19767,280000,1,2,35,0,0,0,0,0,0,92095,173354,193994,195250,204850,86279,83959,28869,13000,10000,5279,6160,0,0
19816,230000,2,1,40,0,0,0,0,0,0,33907,35038,36574,36985,37701,30735,2000,2100,1500,1000,1000,1000,0,0
19825,20000,2,1,46,3,3,2,0,0,0,10145,9836,10525,18930,19320,19861,0,1000,9000,1000,1000,400,0,1
19834,210000,2,1,40,0,0,0,0,0,0,111508,113753,116845,113571,105052,104167,4100,5000,4009,3500,4000,5000,0,0
19838,200000,4,1,44,-2,-2,-2,-2,-2,-2,0,1904,0,0,0,2206,1904,0,0,0,2206,686,0,0
19868,260000,1,1,38,-2,-2,-2,-2,-2,-2,0,0,0,0,0,0,0,0,0,0,0,0,0,0
19872,390000,1,1,35,-1,0,-1,-1,-1,-1,43098,55068,15216,16659,35241,14216,42000,15224,16659,35241,14216,72944,0,0
19881,200000,2,2,36,0,0,0,0,0,0,9738,10749,11773,12784,13039,13314,1177,1201,1212,467,485,1147,0,1
19886,230000,2,1,32,0,0,0,0,0,0,198704,202217,204255,207347,51134,50222,10000,10000,10000,50000,2000,2000,0,0
19901,200000,3,1,42,-1,-1,-1,2,-1,0,390,742,4352,390,780,390,742,4000,0,780,0,1757,0,0
19947,90000,2,1,39,0,0,0,0,0,0,45406,47337,48575,49667,51119,23344,3000,2000,2000,2000,2000,1087,0,0
19975,180000,2,2,36,-2,-1,-1,-1,-2,-2,0,1290,2985,0,0,0,1290,2985,0,0,0,0,0,0
19981,300000,1,2,31,0,0,0,0,0,0,123306,126251,131968,113866,10811,158664,5000,8000,5000,1342,150000,6800,0,0
19982,180000,2,3,43,0,0,0,0,0,0,81147,172920,176711,127004,114179,129622,101522,10264,4598,9600,20000,5000,0,0
19997,60000,2,1,37,0,0,0,0,0,0,59462,60866,54007,52089,29397,29110,3000,2570,2202,1200,1100,1100,0,1
20008,180000,2,1,46,-1,-1,-1,-1,-1,-1,578,911,578,578,578,438,911,578,578,578,438,280,0,0
20016,160000,1,2,35,-1,-1,-1,-1,-1,-2,3027,1116,2179,5468,80,1314,1116,2183,5468,80,1314,0,0,0
20064,100000,2,1,32,-1,0,0,0,0,0,29222,29378,25409,23072,22745,22492,1432,1452,1226,675,748,569,0,0
20101,30000,3,1,37,0,0,0,0,0,0,25689,26455,27525,28545,29388,30133,1500,1500,1500,1300,1200,1500,0,1
20106,200000,1,2,30,1,-1,2,-1,0,0,0,1186,1024,990,1000,0,1186,0,990,10,0,840,0,0
20124,240000,2,2,32,0,0,0,0,0,0,132252,135069,136408,139192,142111,145165,6500,5000,5057,5239,5500,5000,0,0
20139,500000,3,2,36,-2,-2,-2,-2,-2,-2,51132,8830,7570,1576,0,13295,8830,7570,1576,0,13295,38090,0,0
20160,120000,1,1,34,1,-2,-1,-1,-1,0,0,0,1471,3094,12623,10446,0,1471,3103,12623,0,1446,0,1
20193,320000,1,2,30,-1,-1,-1,-1,-1,-2,9646,13438,14833,1920,10516,10350,13442,14838,1920,10516,10350,43982,0,0
20204,100000,2,2,37,-2,-2,-2,-2,-2,-2,14394,35392,20000,0,0,0,36291,20000,0,0,0,0,0,0
20265,150000,3,1,72,-2,-2,-2,-2,-2,-2,0,1250,0,3871,6200,336,1250,0,3871,6200,336,0,0,0
20270,150000,2,1,52,0,0,2,0,0,0,85404,91457,89151,90071,92565,98291,8400,0,3300,4000,7400,0,0,0
20313,70000,3,1,57,0,0,0,0,0,0,10042,10577,11129,11650,12997,14322,1176,1196,1185,2000,2000,2000,0,0
20315,110000,3,1,55,-1,2,0,0,2,2,4924,4305,4770,5819,4807,5579,0,1087,1532,0,1000,0,0,1
21429,160000,2,2,35,0,0,0,2,0,0,24306,25590,29169,28406,28836,30208,2000,4000,0,1200,2000,1300,0,0
21468,230000,1,2,26,0,0,0,0,0,0,166511,159766,142435,136502,122572,110839,6722,6500,6020,4056,4000,4500,0,0
21480,350000,1,2,33,0,0,-1,-1,0,0,14118,4278,8621,970,1345,2267,3922,8621,970,1000,1917,454,0,0
21486,20000,2,1,24,2,2,0,0,0,0,19891,15895,17140,18457,21381,18914,0,1500,1600,1646,678,1000,0,1
21496,180000,2,2,25,-1,-1,-2,-2,-1,0,3887,0,0,0,2454,4710,0,0,0,2454,3000,0,0,0
21523,50000,1,2,22,1,2,0,0,0,0,4112,3900,7737,3406,1470,1500,0,4019,2500,0,30,0,0,0
21530,80000,2,2,22,0,0,0,0,0,0,77408,78363,72602,72525,56951,21952,2677,3341,1850,1499,933,32000,0,0
21543,80000,2,2,24,0,0,0,0,0,0,17220,14844,12718,8808,7952,7925,1400,1600,1088,245,636,0,0,0
21544,130000,1,2,24,0,0,0,2,2,-1,3621,4530,6627,3300,0,18300,1130,2227,200,0,18300,0,0,0
21579,70000,1,2,25,-1,-1,-1,-1,-2,-1,1288,0,1999,0,0,842,0,1999,0,0,842,0,0,0
21585,20000,1,2,23,0,0,0,0,2,0,23809,24798,24258,24172,21959,20898,1700,1800,2350,0,1000,2700,0,0
21592,60000,2,2,24,0,0,0,-1,-1,-1,58692,61225,54673,2193,8258,0,5000,1098,2193,8258,0,0,0,0
21642,90000,2,1,25,2,0,0,0,0,0,90371,87525,89052,85807,68186,69011,4100,4200,3000,3000,3000,2600,0,1
21702,70000,2,2,25,2,0,0,0,2,2,19112,20115,20837,22986,22319,23952,1629,1351,2500,0,2000,0,0,1
21746,50000,1,2,23,0,0,0,0,0,0,45345,46403,38343,32214,17292,7501,2010,2046,1866,310,300,483,0,0
21769,80000,2,2,25,-2,-2,-2,-2,-2,-2,0,0,0,0,0,0,0,0,0,0,0,0,0,0
21776,90000,2,1,24,0,0,0,0,0,2,86422,89710,70681,73595,90755,53692,5000,3300,22837,3300,0,1650,0,0
21800,50000,1,2,25,-1,-1,-1,-1,-1,-1,3195,3548,23231,2881,3048,2739,3557,23501,2889,3057,2746,47651,0,0
21843,270000,2,1,26,0,0,0,0,0,-1,22804,11496,12273,12014,10597,31182,1496,2273,2014,597,31182,82615,0,0
21918,50000,2,2,24,-1,0,-1,2,2,-2,18625,19956,5177,2071,0,0,2071,5191,6,0,0,10450,0,0
21931,170000,2,2,27,0,0,0,0,0,2,168858,171530,164509,128279,139968,127502,7000,6500,8000,15462,2163,4300,0,0
21966,300000,2,2,28,0,0,0,0,0,0,327724,325970,325020,319750,265136,262378,11250,11877,10487,7831,8092,7634,0,0
21984,200000,1,2,28,0,0,0,0,2,2,58833,61991,7357,9471,8538,7685,4100,3000,3000,0,1000,0,0,0
21995,170000,1,2,26,0,0,0,0,0,0,22680,13827,9522,10254,5520,6212,2000,2000,2000,0,2000,1320,0,0
22040,90000,5,2,24,0,0,0,0,0,-1,17584,18377,18496,11716,3163,30483,2000,1300,2000,67,30483,2905,0,0
22050,250000,2,1,29,0,0,0,-1,-1,-1,227762,191424,18016,15353,325,325,35018,1000,20000,325,325,318,0,0
22068,50000,1,2,26,-1,-1,-1,-1,-1,-1,651,651,1072,1713,651,646,651,1072,1713,651,646,651,0,1
22074,400000,2,2,29,0,-1,-1,-1,0,-1,52875,55544,994,5030,4568,500,55544,994,5030,0,500,150,0,0
22106,230000,2,2,28,-1,-1,-1,-1,-1,-1,2454,1197,4556,4316,4316,4316,1197,4566,4316,4316,4316,4316,0,0
22108,240000,2,1,28,2,2,2,2,2,0,191137,210333,206332,214981,194817,186895,24000,0,12014,0,5307,5001,0,1
22115,220000,1,1,30,2,2,0,0,0,0,150682,139629,136020,115942,54611,42363,0,6824,2726,1239,2953,112742,0,0
22121,60000,2,3,29,0,0,0,-1,-1,-1,4134,3596,3801,694,531,531,1200,1000,2694,531,531,681,0,0
22124,420000,2,2,26,0,0,0,0,0,0,24434,22586,36569,28994,15159,9379,1500,28000,1210,303,2000,0,0,0
22145,300000,1,2,29,-2,-2,-2,-2,-2,-2,1049,205,4962,13634,41510,-1087,205,4962,13634,41510,0,3940,0,1
22149,100000,2,2,29,-1,-1,-1,-1,-1,-1,3262,3262,326,6198,326,326,3262,326,6198,326,326,326,0,0
22185,360000,3,2,29,-2,-2,-2,-2,-2,-2,3307,0,0,0,0,1131,0,0,0,0,1131,3409,0,0
22245,130000,1,2,24,0,0,0,2,0,0,76582,86333,91715,89245,90827,87779,12000,7700,0,3001,3011,2816,0,0
22254,200000,1,2,27,-2,-2,-2,-2,-2,-2,0,0,0,0,0,0,0,0,0,0,0,0,0,1
22269,130000,1,2,30,-1,-1,-1,-1,-1,0,1493,1492,1310,1310,2046,1574,1492,1310,1310,2046,574,1995,0,1
22273,180000,2,1,28,0,0,0,0,0,0,54972,42329,42071,39649,39221,40731,2000,2002,2000,2000,2000,2000,0,0
22315,240000,2,1,30,-1,-1,-1,-1,-1,-1,17047,15188,11366,14231,11135,7774,15188,11366,14231,11135,7774,7785,0,0
22317,350000,1,2,31,-1,2,-1,-1,-1,-1,403,403,1351,4656,0,1190,0,1351,4677,0,1190,150,0,0
22331,150000,3,2,28,2,0,0,0,0,0,107603,109835,110255,110247,110955,105145,5500,5500,5300,3853,4000,4000,0,0
22347,170000,1,1,30,-2,-2,-2,-1,-1,-1,5280,5020,996,35490,6000,5350,5020,996,35490,6000,5350,12500,0,0
22391,500000,2,2,32,-1,-1,-1,-1,0,0,9609,5609,967,16638,15721,17349,5637,972,16671,5749,7376,10723,0,0
22393,500000,1,2,33,-2,-2,-2,-2,-2,-2,10361,263,8050,8234,835,87878,263,8050,8234,835,87878,5000,0,0
22460,170000,2,1,36,2,2,2,2,2,2,15570,15031,16784,17711,17131,18197,0,2500,1500,0,1500,1000,0,0
22474,90000,3,1,42,0,0,0,0,0,0,34672,35270,36150,36528,37128,37348,1562,1832,1600,1000,1000,0,0,0
22485,200000,3,1,46,-1,-1,-1,-1,-1,-1,14617,1261,8187,1261,1261,1261,1261,8187,1261,1261,1261,1261,0,0
22487,480000,3,1,41,0,0,0,0,0,0,44018,74152,107675,110289,100520,37080,35176,45000,12022,14000,14000,10000,0,0
22506,310000,1,1,33,-2,-2,-2,-2,-2,-2,2729,0,0,0,0,343,0,0,0,0,343,410,0,1
22581,150000,4,2,31,-2,-2,-2,-2,-1,2,9846,5345,0,0,1493,159,5345,0,0,1493,0,1119,0,0
22582,240000,1,2,37,-2,-2,-2,-2,-2,-2,660,31187,1280,7623,0,11353,31187,1280,7643,0,11353,2576,0,0
22593,160000,1,1,35,1,-2,-2,-2,-1,-1,0,0,0,0,1240,0,0,0,0,1240,0,0,0,0
22624,90000,3,1,41,0,0,0,0,0,0,87240,88519,84573,78617,64344,63417,10000,3519,5014,2679,4600,1000,0,0
22663,180000,1,2,29,-1,-1,-1,-1,-1,-2,9862,2896,2458,305,0,0,2903,2458,305,0,0,0,0,0
22742,80000,2,1,36,0,0,0,0,0,0,73873,61134,49746,49033,48553,48377,2006,8199,2000,1700,2000,2000,0,0
22754,70000,2,2,40,2,0,0,0,0,0,64744,66030,67450,68587,57710,58918,2361,2482,2293,2063,2135,2188,0,1
22776,450000,2,1,46,-2,-2,-2,-2,-2,-2,30535,83371,17471,10342,51786,45747,84267,17566,10401,52045,45812,169,0,0
22798,150000,2,1,38,-1,-1,0,0,-1,-1,5584,1106,2199,2997,735,1104,1106,1208,1006,50000,1104,0,0,0
22803,620000,1,2,38,-1,-1,-1,-1,-1,-1,12136,7938,620,16022,2581,2867,8638,620,16032,2856,4197,920,0,0
22836,360000,1,2,30,0,-1,-1,-1,-1,-2,37012,4810,3969,6657,642,6204,4924,3969,6657,642,6204,7052,0,0
22848,310000,1,2,36,0,0,0,0,0,0,67940,45746,46979,42045,40334,49542,2000,2000,2000,2000,13000,2000,0,0
22851,570000,2,1,46,0,0,0,0,0,0,563892,569577,577957,563543,451401,108890,19534,25100,15159,11732,42880,422000,0,0
22862,50000,2,2,32,0,0,0,0,0,0,12513,13595,14570,15523,15964,16554,1600,1500,1500,1000,1000,1000,0,0
22872,340000,3,1,44,3,3,2,0,0,0,160596,155508,149627,150733,140171,134203,6,8,5117,5008,5021,6026,0,1
22874,230000,5,1,39,-1,-1,0,0,-2,-2,7479,31280,120000,0,0,0,31280,90000,0,0,0,0,0,0
22920,430000,1,2,29,0,0,0,-1,0,0,42130,34785,0,18518,16574,12215,1000,0,18518,5,244,1038,0,0
22923,170000,2,1,29,0,0,0,0,0,0,56980,55889,51328,31541,47406,23062,3000,2236,2478,904,2546,2000,0,0
22943,80000,2,1,31,-2,-2,-2,-2,-2,-2,3506,2372,2988,273,0,1542,2372,2988,273,0,1542,3200,0,0
22949,170000,2,2,44,0,-1,-1,-1,-1,-1,2376,2870,390,590,30490,4300,2870,390,590,30490,4300,0,0,1
22956,420000,2,1,46,0,0,0,0,0,0,347531,345620,344364,202241,196082,189064,13503,15031,7011,7010,7013,7015,0,0
23007,380000,2,1,45,0,0,0,0,0,0,220208,225537,230898,237118,240452,245499,9000,9000,10068,8768,9087,9133,0,0
23012,60000,2,1,45,0,0,-1,0,0,0,57966,3751,72334,73396,12271,24278,1900,72334,4000,2000,14000,2000,0,0
23022,220000,2,1,40,-1,-1,-1,-1,0,0,1129,227,0,13137,13637,9744,227,0,13137,1500,214,0,0,0
23120,80000,5,1,30,-2,-2,-2,-2,-2,-2,0,0,0,0,0,0,0,0,0,0,0,0,0,0
23130,70000,3,1,40,0,0,-2,-2,-2,-2,14896,0,0,0,0,0,0,0,0,0,0,5704,0,0
23136,20000,3,0,35,0,-1,2,2,-1,-1,3975,362,2182,1500,500,0,362,2000,0,500,0,0,0,0
23155,180000,2,1,36,-2,-2,-2,-2,-2,-2,0,0,0,0,0,0,0,0,0,0,0,0,0,0
23158,180000,2,1,40,0,-1,-1,-1,-1,-1,144481,1620,334,9379,1100,43505,1620,337,9379,1100,43505,0,0,0
23174,180000,2,2,36,-1,-1,-1,-1,0,-1,25359,28432,1535,14470,14270,4529,28703,1535,15000,0,5793,36702,0,0
23184,80000,2,1,39,0,0,0,0,0,0,41753,42956,43850,38112,38876,39697,2200,2000,2000,1700,1600,1700,0,0
23246,260000,3,1,38,-1,-1,-1,-1,-1,-1,1973,1973,1973,6746,1973,1973,1973,1973,6746,1973,1973,3733,0,0
23295,30000,2,2,31,0,0,0,-2,-2,-2,26830,30900,0,0,0,0,5000,0,0,0,0,0,0,0
23309,390000,2,1,32,-1,-1,-1,-1,-1,0,2075,0,682,10943,9942,11168,0,682,11130,9942,6600,1000,0,0
23318,300000,1,2,29,1,-2,-2,-2,-2,-2,0,0,0,0,0,0,0,0,0,0,0,0,0,0
23330,240000,1,2,35,-2,-2,-2,-2,-2,-2,5757,2904,24671,2249,4505,11859,3242,24685,3535,4505,11859,12000,0,0
23364,400000,1,2,35,-2,-2,-2,-2,-2,-2,26930,11187,16593,18569,16947,28590,11187,16596,18572,16947,28590,159259,0,0
23376,110000,2,2,31,0,0,0,0,0,0,7398,2009,1651,1823,1208,0,1500,1177,1000,550,0,790,0,0
23385,50000,2,1,44,1,2,2,2,2,2,24622,26999,28071,27326,28769,28170,3100,1800,0,2200,0,2700,0,1
23453,280000,2,1,34,-2,-2,-2,-2,-2,-2,9103,6419,11966,5844,8994,14631,6439,12042,5844,4672,14724,4429,0,0
23487,310000,1,1,32,0,0,0,0,0,0,141203,84594,66624,48213,144758,601,7000,5500,4000,100000,601,360,0,0
23489,390000,1,2,32,0,0,0,0,0,0,16566,20213,15204,13529,14139,14496,9076,8000,1500,1500,519,7000,0,0
23519,250000,1,2,33,-1,-1,-2,-1,0,0,16317,0,0,188841,194321,198156,0,0,188841,8500,8000,7080,0,0
23541,360000,2,2,45,-2,-1,2,2,-2,-2,0,2500,2500,0,0,0,2500,0,0,0,0,0,0,0
23560,210000,2,2,34,0,0,0,0,0,0,73415,76188,78276,81246,78971,80359,4002,4000,4323,3501,3000,2700,0,0
23575,150000,2,2,37,-2,-2,-2,-2,-2,-2,0,0,596,22131,0,1596,0,596,22131,1980,1596,4617,0,0
23635,500000,1,1,49,-2,-2,-2,-2,-2,-2,27936,2305,9073,5714,31868,3663,2305,9083,6105,31868,3663,8110,0,0
23709,240000,2,2,59,0,0,0,0,0,0,230026,239796,231230,196471,190004,161867,20000,12000,7000,8000,6000,6205,0,0
23765,50000,1,2,51,0,0,0,0,0,0,43273,44652,46331,47896,47266,48002,2800,2795,2750,1130,1314,1159,0,0
23837,250000,1,1,54,-1,-1,-1,-1,0,-1,390,1090,390,2855,390,2950,1090,390,2855,0,2950,0,0,0
25151,70000,2,1,46,0,0,0,0,0,0,70349,70068,71318,59665,29510,26738,2600,3700,2600,1200,1200,1000,0,0
25187,30000,1,2,22,0,0,0,0,0,0,22271,23273,23268,23100,23286,24804,1379,1454,1276,1286,1804,2000,0,0
25194,30000,2,2,23,2,0,0,0,0,0,27216,28420,27929,28920,27997,28378,3003,1482,1703,1001,1500,1845,0,1
25195,30000,2,2,23,0,0,0,0,0,0,23237,23874,26985,29497,29290,28693,10000,5000,3000,2000,3150,0,0,0
25213,30000,2,2,23,-1,-1,2,-1,0,0,1434,4925,390,15736,15525,0,6021,0,15736,1000,0,0,0,0
25231,30000,1,2,24,0,0,0,0,0,0,21540,22236,23574,24583,24915,25280,1358,1696,1705,1037,915,929,0,0
25261,90000,2,2,23,1,3,2,0,0,0,39772,38836,36654,32747,33091,33291,0,15,1831,1175,1338,1216,0,0
25291,100000,1,2,27,0,0,0,0,0,-1,19164,23828,25138,26499,26799,1150,5000,2000,2000,500,1150,0,0,0
25300,30000,2,2,23,0,0,0,0,0,0,24607,24430,23881,24234,24853,7814,1700,1600,1287,1296,500,1550,0,0
25302,80000,3,2,25,0,0,0,0,0,0,88786,86391,84871,81813,45094,38121,3200,4000,3000,1500,1500,1300,0,0
25343,120000,2,2,26,-1,-1,-1,-1,-1,-1,1682,1929,1682,1682,1682,1682,1929,1682,1682,1682,1682,1674,0,0
25350,130000,1,2,26,-1,-1,-1,-1,-1,-1,1094,1271,1205,1798,299,1280,1293,1205,1798,299,1280,3368,0,0
25367,80000,1,2,25,0,0,0,0,0,0,40764,41765,42251,46475,48156,50419,2000,1776,5000,3000,5000,2500,0,0
25371,200000,1,2,27,0,0,0,0,0,0,8666,9737,16013,28720,23607,24135,1224,6500,15000,3607,684,5000,0,0
25397,300000,2,2,26,-1,-1,-1,-1,-1,-1,1121,699,3131,5180,1780,0,699,3152,5180,1780,0,6200,0,0
25412,30000,1,2,24,-1,-1,0,0,0,-1,25616,27526,11458,7500,7000,5192,31348,1328,1000,7000,5192,0,0,0
25419,110000,1,2,29,0,0,0,0,0,0,105102,107388,106805,107608,108643,109689,5289,3875,3830,4000,4000,5000,0,1
25452,60000,1,2,25,-1,-1,-1,-1,-2,-1,1507,0,11305,0,0,300,0,11305,0,0,300,0,0,0
25466,170000,1,2,28,0,0,0,0,0,2,42062,43170,44283,46352,51384,50568,2000,2000,3000,6000,0,2000,0,0
25476,80000,1,2,28,0,0,0,0,0,0,39663,40664,42742,43730,44721,45764,1664,2742,2000,1720,1764,1762,0,0
25480,110000,1,2,29,0,0,0,2,0,0,107336,107195,109443,106637,106665,92417,5320,7845,4000,4000,3500,9500,0,0
25490,110000,1,2,27,0,0,0,0,0,0,69970,66423,61951,59428,53678,52254,4009,5083,5002,4000,3000,5050,0,0
25498,190000,3,2,31,-1,-1,-1,-2,-2,-2,1568,87,0,0,0,0,87,0,0,0,0,35520,0,0
25500,90000,1,1,29,0,0,0,0,0,0,4034,11387,4387,35670,41995,35912,10400,3400,36139,618,3200,8500,0,0
25517,240000,2,2,25,-2,-2,-2,-2,-2,-2,0,0,0,0,0,0,0,0,0,0,0,0,0,0
25518,150000,3,2,33,0,0,0,0,0,0,9516,9998,8336,6462,5872,1242,1100,1074,1000,1000,1000,0,0,0
25525,50000,2,1,34,0,0,0,0,-2,-2,2791,4563,5000,0,0,0,2000,1200,0,0,0,0,0,0
25537,50000,3,1,35,1,-2,-2,-2,-2,-2,0,0,0,0,0,0,0,0,0,0,0,0,0,0
25576,280000,2,2,30,0,0,0,0,0,0,237345,195808,369761,197666,152084,149887,12873,135477,6480,4026,4153,3014,0,0
25585,30000,2,1,35,2,3,2,2,2,2,27223,26474,25344,25634,24924,26546,0,2000,1000,0,2026,0,0,1
25627,320000,2,1,30,0,0,0,0,0,0,91029,84644,87765,83094,66463,63977,5005,15055,16752,10012,10071,10039,0,0
25676,200000,2,2,46,-2,-2,-2,-2,-2,-2,0,0,0,0,0,0,0,0,0,0,0,600,0,0
25705,260000,1,2,29,2,2,-1,-1,-1,0,792,396,396,396,792,396,0,396,396,792,0,396,0,1
25713,220000,1,2,32,1,-1,-1,-1,0,-1,0,4048,4925,12554,1036,522,4048,4925,12606,0,572,7656,0,0
25734,270000,1,2,29,-2,-2,-2,-2,-2,-2,990,5850,0,0,0,0,5850,0,0,0,0,0,0,0
25739,180000,1,2,34,0,0,0,0,0,2,85129,88701,91356,94820,100740,99015,5000,5000,5000,7500,0,6000,0,1
25740,90000,2,1,45,2,2,2,2,2,2,45820,46770,45741,48729,49628,50680,2000,0,3755,2000,2000,2100,0,1
25741,430000,1,1,43,0,-1,-1,-1,-1,-1,30000,28490,33490,30636,30240,0,28647,35000,30636,30241,0,179,0,0
25751,30000,2,1,38,0,0,2,0,0,2,2433,4772,2897,3236,3575,1764,4000,0,2000,2000,0,1900,0,1
25759,270000,2,1,28,0,0,0,0,0,0,322249,298700,308133,263516,94062,92618,10000,13000,12000,5000,4000,5000,0,0
25791,50000,2,2,38,-1,-1,-1,-1,-1,-1,390,390,390,390,390,390,390,390,390,390,390,390,0,0
25792,360000,2,1,45,0,0,0,0,0,0,222505,199464,182886,109556,111286,90580,8000,7565,4100,4027,3445,2000,0,0
25794,220000,1,1,31,0,0,0,0,0,0,218796,178554,126132,120827,119823,119460,5539,7449,3005,2400,21577,10000,0,0
25846,230000,2,1,45,-1,-1,-1,-1,-1,-1,416,416,416,416,416,416,416,416,416,416,416,572,0,1
25848,320000,4,3,32,-1,-1,-1,-1,0,0,1145,4133,2488,21222,15115,27279,4135,2488,21238,5000,15000,545,0,0
25854,200000,2,2,37,-1,-1,-1,-1,0,-1,4037,3913,6336,5361,4950,2413,3913,6336,5361,3000,2502,3603,0,0
25929,230000,2,1,39,-2,-2,-2,-2,-2,-2,0,0,0,0,0,0,0,0,0,0,0,0,0,1
25962,150000,3,1,38,2,0,0,0,0,0,146057,142325,143548,146332,145993,146600,6527,6714,6705,5181,5437,5700,0,0
25964,180000,1,2,30,-2,-2,-2,-2,-2,-1,1490,3687,1352,960,4921,3031,3687,1352,960,4921,3031,2718,0,0
26000,20000,2,1,33,0,0,0,0,0,0,10001,20844,5760,3343,1510,0,2000,1500,1007,7,0,0,0,0
26032,290000,2,2,29,0,0,0,0,0,0,7324,8174,8389,8770,9145,10016,1130,1502,1300,500,1000,1001,0,0
26036,200000,2,2,31,0,0,0,0,0,0,203265,203147,203017,203109,203494,203920,7471,7848,8957,8000,7775,7341,0,0
26041,290000,2,2,34,0,0,0,0,0,0,285484,286091,286785,285345,239389,231420,10220,11231,10269,8500,10000,10000,0,0
26051,160000,2,1,49,-1,-1,2,0,0,2,16982,21353,20723,21873,25999,26377,4980,0,1500,4520,939,0,0,0
26088,50000,2,1,37,0,0,0,0,0,0,38418,47709,48923,39210,30515,27861,10000,2131,1910,1410,1159,1050,0,0
26111,80000,2,1,38,-2,-2,-2,-2,-2,-1,0,0,0,0,0,390,0,0,0,0,390,0,0,0
26116,200000,2,2,32,1,-2,-2,-2,-2,-2,0,0,0,0,0,0,0,0,0,0,0,0,0,0
26159,500000,1,1,35,-1,-1,-1,-1,-1,-1,3290,10881,2517,2957,889,40855,11000,2517,2957,1000,41000,170,0,1
26170,50000,1,1,39,1,-1,-1,-1,-1,-2,0,13030,0,4402,0,0,13030,0,4402,0,0,0,0,0
26203,320000,2,2,31,-2,-2,-2,-2,-2,-2,3615,3707,5406,3144,1644,1925,3707,5406,3157,1644,1925,0,0,0
26217,140000,2,2,30,3,2,2,2,-1,-1,3043,4168,1420,0,49,49,1423,2,0,49,0,0,0,1
26222,250000,2,1,37,1,-2,-1,-1,-1,-1,0,0,9737,790,20750,0,0,9737,790,20750,0,0,0,0
26229,120000,2,2,30,0,0,0,0,0,0,121280,123176,121907,123949,112430,114322,6026,6000,6300,4000,4300,4322,0,0
26244,60000,1,1,45,1,2,0,0,2,0,58360,56834,58322,59781,8177,7757,0,3000,3100,0,1000,500,0,1
26258,90000,1,2,33,0,0,0,0,0,0,55937,57107,59753,61755,63629,54423,2100,4000,3000,3000,2323,2000,0,0
26323,360000,1,2,36,0,0,0,0,0,2,308711,305594,306176,304645,315118,315782,11000,13000,11019,23000,13300,3,0,0
26333,50000,1,2,26,0,0,-1,0,0,-1,4041,1343,2174,3479,3006,810,1200,2500,3000,1000,900,48578,0,0
26345,180000,1,1,29,-2,-1,0,0,-2,-2,0,287,5264,1521,0,0,287,5293,1523,0,0,0,0,0
26360,280000,1,2,32,-2,-2,-2,-2,-2,-2,5855,13645,9127,9656,41434,21732,13713,9171,9705,41641,21838,5659,0,0
26392,450000,2,1,41,0,-1,0,-1,-1,-1,104624,28114,19758,12518,18328,14879,28114,1424,12518,18328,14879,34744,0,0
26435,300000,1,1,36,0,0,0,0,0,0,30153,28384,26700,22554,11858,13838,2000,2000,2552,2000,3000,8000,0,0
26466,140000,2,2,50,0,0,0,0,0,0,128949,133778,131241,25994,25769,24552,7000,6000,3000,5000,4000,6000,0,1
26467,210000,2,2,49,-1,-1,-1,-1,0,0,991,4045,4056,65825,60803,56578,6035,4056,65825,1420,1132,5000,0,1
26472,100000,3,1,51,-1,-1,-1,-1,-1,-1,200,100,197,245,3210,318,100,197,245,3210,318,797,0,0
26536,30000,2,1,51,1,2,3,2,2,0,16490,18908,18321,19618,19008,19301,3000,0,1900,0,750,750,0,1
26549,90000,3,1,53,-2,-2,-2,-2,-2,-2,827,0,2469,827,0,1654,0,2469,827,0,1654,827,0,0
26568,200000,3,1,50,-1,-1,-1,-1,-1,-1,390,390,390,390,390,390,390,390,390,390,390,390,0,0
27598,150000,1,2,26,0,0,0,0,0,0,24242,20263,21332,22371,22700,23184,1700,1700,1700,1000,1000,1000,0,0
27621,80000,2,2,22,0,0,0,0,0,0,1742,2524,5097,6107,7141,7355,1200,3000,1500,1500,700,500,0,0
27632,50000,2,1,23,2,2,0,0,0,0,54866,51520,41711,22775,4215,3016,1000,1860,1600,452,100,114,0,1
27642,40000,2,2,23,0,0,0,0,0,0,39402,39321,38246,39289,39882,39650,2000,2000,2000,1500,1500,2000,0,0
27658,50000,2,2,23,2,0,0,0,0,0,49441,45880,42621,21734,18775,19590,1998,2198,1300,655,1100,654,0,0
27669,110000,1,2,24,1,2,0,0,0,0,115527,109871,110565,216850,110952,109169,0,4000,7000,7766,3982,5000,0,1
27671,110000,2,2,23,2,0,0,-1,0,0,1587,2399,0,980,35305,36065,1000,0,980,35000,1327,1500,0,1
27695,50000,3,2,25,0,0,0,0,0,0,27232,26777,27129,26613,26057,25924,1439,1464,1401,908,935,924,0,0
27718,100000,1,2,24,0,0,0,0,0,0,84895,71271,71053,70405,71109,73905,3513,3169,3002,2022,3907,7145,0,0
27753,150000,2,2,23,0,0,0,0,0,0,58757,59555,59684,59501,59075,59171,2714,2812,2599,2143,2208,2112,0,0
27811,30000,2,2,25,0,0,0,0,0,0,14045,15363,16108,17888,16505,16511,1555,1300,4894,1000,800,2200,0,0
27814,50000,2,2,28,1,-2,-2,-2,-2,-2,0,0,0,0,0,0,0,0,0,0,0,0,0,0
27817,110000,2,2,25,-2,-2,-2,-2,-2,-2,-2628,-5118,31503,-2880,-5000,0,165,36621,1496,10000,5000,0,0,0
27854,90000,1,2,28,1,2,0,0,0,2,52061,50472,46226,40920,29863,19674,79,5000,10009,10000,0,7000,0,1
27855,60000,3,2,27,0,0,0,0,0,0,39325,40668,42009,43804,44473,45752,2000,2000,2500,1700,2000,1700,0,0
27887,220000,1,2,27,0,0,0,-1,-1,-1,66620,56611,37504,9499,3679,13232,16008,12000,15030,10000,15000,5000,0,0
27919,230000,3,1,27,0,0,0,0,0,0,67615,19870,19649,17969,10888,8657,1323,1500,1000,2000,1023,2004,0,0
27922,220000,1,2,28,0,0,0,0,0,0,215779,196299,202596,198845,194885,92905,8600,11000,6000,10082,3400,3825,0,0
27939,420000,2,2,28,0,0,0,0,0,0,89829,82251,78830,76521,78049,79792,5126,3019,2777,2800,3000,3000,0,0
27962,150000,1,1,29,1,-1,-1,-2,-2,-2,0,231,0,0,0,0,231,0,0,0,0,685,0,0
27969,120000,1,2,28,-1,-1,-1,-1,-1,-1,2494,1394,780,470,-170,180,2000,780,470,0,500,1335,0,0
27998,400000,1,1,31,-1,-1,-1,-1,-1,-1,325,5581,2833,1162,325,325,5581,2833,1162,325,325,325,0,0
28040,140000,1,2,29,0,0,2,0,0,0,135436,144922,141289,137377,93261,95368,13102,17,5547,3242,3512,3333,0,0
28052,30000,2,1,31,0,0,0,0,0,0,16207,16735,18253,19646,21238,23843,4000,5000,5000,5000,5000,5006,0,0
28062,140000,1,1,40,2,2,2,2,2,2,21952,27540,31785,30980,33162,32497,6300,5000,0,3000,0,3000,0,1
28064,50000,3,1,44,0,0,2,0,0,0,13881,11494,5847,4871,3007,2136,3483,0,1000,0,993,0,0,0
28077,80000,3,1,42,2,2,2,2,0,0,17511,20503,25917,19081,15200,13039,3600,6142,0,0,0,6439,0,1
28087,420000,3,1,39,-2,-2,-2,-2,-2,-2,2476,3570,11343,5216,23001,2439,3634,11353,5255,23001,2439,0,0,0
28140,520000,1,1,37,-2,-2,-2,-2,-2,-2,4439,3487,7491,2310,12000,0,3913,7494,2310,12000,0,0,0,0
28176,20000,2,1,32,0,0,0,0,0,0,18377,18353,19103,19471,19225,19106,1288,1305,1277,656,1106,602,0,1
28190,50000,2,1,48,0,0,0,0,0,0,44324,43053,44016,15386,31401,16573,2000,1880,2000,1000,2000,1500,0,0
28193,170000,1,2,34,-2,-2,-1,0,0,-2,1088,1088,5425,5223,1084,1084,1088,5425,1000,2172,1084,1189,0,0
28195,130000,3,1,49,0,0,0,0,0,0,25339,26342,27376,28415,28980,29738,1427,1461,1500,1037,1225,1080,0,0
28204,300000,2,1,38,0,-1,0,0,0,0,1250,940,11240,12137,15937,16437,940,10300,1200,4000,500,6000,0,0
28208,310000,2,1,48,-2,-2,-2,-2,-2,-2,0,99,0,110,0,0,99,0,110,0,0,0,0,0
28216,80000,3,1,37,0,0,0,0,0,2,24941,25945,27297,27969,29857,28872,1423,1775,1447,2335,0,1050,0,0
28231,210000,2,2,32,-2,-2,-2,-2,-2,-2,0,0,980,0,0,0,0,980,0,0,0,238,0,0
28249,200000,1,2,33,-2,-2,-2,-2,-2,-2,4510,7430,4144,57836,1810,0,7430,4144,57836,1810,0,3018,0,0
28297,290000,1,2,31,-1,-1,-1,-1,-1,-1,21720,1240,3682,4694,5258,1248,1240,3682,4704,5258,1248,9600,0,0
28375,80000,2,1,36,1,2,2,0,0,0,74328,75515,73741,75200,76959,78556,3000,0,2700,2950,3000,2600,0,1
28387,60000,2,1,40,0,0,0,-1,-1,-1,28738,30216,23720,1569,5580,2211,4000,1010,1569,5580,2211,0,0,1
28390,210000,1,1,38,0,0,-1,-1,0,0,8420,8106,4168,23067,19972,45864,3000,4521,24000,10000,30000,6432,0,0
28413,340000,2,2,29,0,-1,-1,-1,0,0,43733,16584,16498,100928,26083,20214,16787,16514,100940,20229,25,8,0,0
28451,320000,2,2,37,-2,-2,-2,-2,-2,-2,-5700,-5700,-5700,197300,-2300,227835,0,0,203000,400,310135,1000,0,0
28461,20000,2,1,38,-2,-2,-2,-2,-2,-2,0,0,0,0,0,0,0,0,0,0,0,0,0,1
28482,110000,1,2,31,2,2,2,2,2,2,91773,93892,94652,97097,98097,100361,4550,3150,4900,3500,4000,3900,0,1
28539,300000,1,1,33,-1,-1,-1,-1,-1,0,3890,4002,1438,5322,6814,2956,4008,1438,5328,6814,114,1740,0,0
28547,100000,3,1,44,2,2,0,0,0,2,12724,12228,13255,13959,14921,14539,0,1529,1233,1195,0,1300,0,1
28569,180000,3,1,40,0,0,0,-2,-2,-2,20909,24262,2079,792,1645,1645,4262,2083,792,1645,0,811,0,0
28571,80000,1,2,29,1,-2,-1,-1,-1,-2,0,0,1612,16388,0,0,0,1612,16415,0,0,1800,0,0
28648,200000,3,1,44,-2,-2,-2,-2,-2,-2,390,390,390,390,390,390,390,390,390,390,390,540,0,0
28701,180000,3,1,35,0,0,0,0,0,2,175200,175285,60790,50479,28739,18037,7002,1807,2000,4000,0,33000,0,1
28725,290000,1,1,44,-2,-2,-2,-2,-2,-2,7886,9636,10060,3946,7388,4482,9636,10060,3948,7388,4482,8106,0,0
28726,200000,1,1,37,-1,-1,0,-1,0,0,1382,23942,18143,11770,22155,13235,23994,10112,11770,12155,3000,30075,0,0
28779,230000,2,1,38,-1,0,0,0,0,0,1129,2117,2283,3227,4227,4616,1029,1056,1000,1000,389,215,0,0
28783,50000,5,1,32,-2,-2,-2,-2,-2,-2,0,0,0,0,0,0,0,0,0,0,0,0,0,0
28797,30000,1,2,37,-1,-1,-1,-1,-1,-1,264,264,264,0,528,0,264,264,0,528,0,0,0,1
28799,400000,2,2,42,-1,-1,-1,-1,0,0,3608,4032,9885,65207,59247,53752,4052,9939,65243,1239,5366,10435,0,0
28804,360000,1,2,29,0,0,0,0,0,0,270528,267435,193910,167029,134294,154290,10256,12000,15273,15000,25000,12000,0,0
28815,230000,2,2,34,-1,-1,-1,-1,-1,-1,316,316,316,316,316,466,316,316,316,316,466,466,0,0
28835,220000,1,2,36,0,0,0,0,0,0,222598,222168,217900,221193,181859,184605,10000,8018,10121,6006,10987,143779,0,1
28838,340000,1,1,46,0,0,0,0,0,0,94915,92955,89689,81996,83439,71239,3224,4000,3504,4349,3000,3098,0,0
28914,290000,2,1,36,-2,-2,-2,-2,-2,-2,8909,8199,972,445,3589,6939,8300,972,455,3589,6939,10919,0,0
28933,80000,3,1,48,-1,-1,2,-1,-1,-1,396,792,396,792,0,396,792,0,792,0,396,546,0,1
28952,170000,1,2,42,-1,-1,-1,-1,-1,0,3480,316,316,316,948,632,316,316,316,948,0,0,0,0
28982,110000,1,2,32,0,0,0,0,0,0,46603,48351,51815,47225,34975,43725,2536,5000,1653,1500,10000,1495,0,0
28983,240000,1,2,33,0,0,0,0,0,0,99938,92104,85194,83021,78556,78495,3500,4200,3600,3000,3000,3000,0,0
28996,100000,2,2,40,2,0,0,2,2,2,40626,41945,45247,45208,46160,48268,2000,4000,1000,2000,3000,0,0,1
29006,140000,2,2,40,-2,-2,-2,-2,-2,-2,0,1887,0,0,0,0,1887,0,0,0,0,0,0,0
29017,90000,2,1,46,-1,-1,-1,-1,-1,-1,1829,2793,696,546,846,846,2793,696,546,996,846,696,0,0
29043,10000,3,2,54,0,-1,-1,2,2,-1,1083,390,390,390,0,780,780,780,0,0,780,0,0,0
29110,140000,1,2,54,1,3,2,2,2,2,17962,17381,18104,17516,18721,18280,0,1300,0,1500,0,1900,0,1
29136,130000,2,2,52,0,0,0,0,0,0,124007,124919,119553,116530,113962,113972,6000,5000,4214,4500,5000,4200,0,0
29146,230000,3,1,70,-1,0,0,0,0,0,183500,147525,147391,149904,151816,103443,7000,5500,7000,6066,4000,5000,0,1
29155,140000,1,1,56,3,2,2,3,3,3,450,450,450,450,1450,1150,0,0,0,1000,0,0,0,1
