ID,LIMIT_BAL,EDUCATION,MARRIAGE,AGE,PAY_0,PAY_2,PAY_3,PAY_4,PAY_5,PAY_6,BILL_AMT1,BILL_AMT2,BILL_AMT3,BILL_AMT4,BILL_AMT5,BILL_AMT6,PAY_AMT1,PAY_AMT2,PAY_AMT3,PAY_AMT4,PAY_AMT5,PAY_AMT6,SEX_FEMALE,default_payment_next_month
26,50000,3,2,23,0,0,0,0,0,0,47620,41810,36023,28967,29829,30046,1973,1426,1001,1432,1062,997,0,0
62,70000,2,1,39,0,0,0,0,0,-1,70800,72060,69938,16518,14096,830,4025,2095,1000,2000,3000,0,0,0
67,10000,2,1,56,2,2,2,0,0,0,2097,4193,3978,4062,4196,4326,2300,0,150,200,200,160,0,1
75,340000,1,2,32,-1,-1,-1,-1,-1,-1,3048,5550,23337,4291,80153,25820,5713,23453,4314,80552,25949,2016,0,0
76,20000,2,2,24,0,0,2,0,0,0,14619,17216,16642,16976,17332,18543,2850,0,610,630,1500,0,0,0
242,50000,1,2,39,0,0,0,0,0,0,47174,47974,48630,50803,30789,15874,1800,2000,3000,2000,2000,2000,0,0
329,340000,2,1,55,-2,-1,-1,-2,-2,-2,50396,44665,8300,2190,24599,7416,44665,8321,2190,24599,7416,77195,0,0
358,380000,2,2,34,0,0,0,0,0,0,194314,179206,193992,174675,171253,169121,9010,35000,5000,6000,5000,4400,0,0
377,30000,2,1,43,1,2,0,0,0,2,20518,19901,20905,21509,25183,24242,0,1342,946,4200,0,1000,0,0
458,50000,1,2,32,-1,0,0,0,0,-2,23974,24131,25326,25775,0,0,1800,1900,1300,0,0,0,0,0
651,270000,1,2,32,-2,-2,-2,-2,-2,-2,0,0,1100,300,-200,-200,0,1100,300,0,0,0,0,0
686,360000,1,1,47,-1,-1,-1,0,-1,-1,1548,-32,177639,174397,4852,4125,0,177671,3508,4876,4188,10007,0,0
722,10000,2,2,22,0,0,0,0,0,0,7960,9649,8518,8628,9293,5033,2000,1000,500,1500,0,2500,0,1
730,60000,1,2,29,-1,2,-1,-1,2,2,546,255,464,1173,732,1023,0,500,1000,0,582,0,0,1
746,170000,3,2,38,0,0,0,0,0,0,21310,22957,24266,25556,29949,34434,2000,2000,2000,5000,5000,5000,0,0
769,220000,2,1,40,-1,-1,-2,-2,-2,-2,158,0,0,0,0,612,0,0,0,0,612,1863,0,0
792,70000,1,2,27,1,-1,-1,-1,-2,-1,-54,273,19,-254,-527,1096,600,19,0,0,1896,0,0,0
915,70000,3,1,30,0,0,0,0,0,0,19882,20611,21859,22445,22935,23404,1352,1600,949,1000,1000,1000,0,0
963,200000,2,2,31,0,0,0,0,0,0,33781,35879,26043,27497,29082,31647,3000,2000,2000,2000,3000,4000,0,0
990,50000,3,1,54,1,2,2,0,0,0,62847,60885,56828,55419,54054,53143,2100,0,2000,2000,2455,4000,0,0
1037,150000,1,2,23,0,0,0,0,0,0,11109,83376,79726,76986,78038,78321,78016,3048,4000,3500,3000,3000,0,0
1122,20000,2,2,30,1,2,4,3,2,2,19977,21359,20581,19860,19690,1735,2000,0,0,0,500,0,0,1
1220,80000,2,2,38,0,0,0,0,0,0,89394,81223,77198,29891,34528,35229,5000,19153,1500,10000,1274,1275,0,0
1238,60000,1,1,33,-1,-1,-1,-1,-1,-1,8308,7565,8373,7565,7565,7565,7565,8373,7565,7565,7565,7565,0,0
1259,210000,1,2,33,-1,-1,-1,-1,-1,-1,291,291,291,291,441,291,291,291,291,441,291,291,0,0
1262,380000,2,1,50,0,0,0,0,0,0,385662,294826,220022,154283,35270,332270,12020,9009,6109,3000,332000,12000,0,1
1275,150000,2,1,34,0,0,0,0,0,0,132214,135140,135263,137540,144786,146379,4414,4700,4306,10006,4822,4112,0,0
1313,320000,2,2,32,0,0,0,0,0,0,21460,23412,25331,25741,26800,28817,3000,3000,1500,2000,3000,2000,0,0
1316,140000,2,1,48,-1,-1,2,0,0,-2,1600,5012,4739,4739,0,0,5012,0,0,0,0,2770,0,1
1327,170000,2,1,48,0,0,0,0,0,0,137823,137199,136331,123913,122657,122225,5396,5000,5000,5000,5000,4000,0,0
1460,10000,2,2,26,0,0,0,0,0,0,15147,6641,15318,8610,8790,8963,2234,1135,1086,319,319,180,0,0
1466,90000,2,1,27,0,0,0,0,0,0,70482,70591,64926,59949,54029,48170,2580,2337,1634,1606,1371,620,0,0
1473,360000,1,1,36,0,0,-1,0,0,0,40434,13352,129978,150637,138969,132118,2000,129990,30000,25000,5000,3000,0,0
1518,190000,3,1,49,2,2,2,2,2,2,178367,179062,177663,180312,185910,191895,5000,3000,7100,8700,9300,9500,0,1
1601,120000,2,2,27,-1,-1,-1,-1,-1,-1,2474,2469,2439,2439,2439,2116,2469,2439,2439,2439,2116,0,0,0
1679,390000,2,1,40,1,2,0,0,0,0,424244,395060,258372,261498,213003,102423,587,9500,30140,4235,1998,25226,0,0
1717,140000,1,2,29,0,0,0,0,0,0,142087,255846,140057,100177,100873,98363,5528,4500,3500,4000,4000,4000,0,0
1723,90000,2,1,44,2,0,0,0,0,0,89875,92338,87511,47796,48306,49054,4000,4200,1700,1800,2083,1827,0,1
1774,50000,2,2,25,2,2,0,0,0,2,7180,6922,7849,8018,8884,8593,0,1200,300,1000,0,1000,0,1
1778,40000,3,1,43,0,0,0,0,0,0,41094,36554,37568,38314,39141,40231,1611,1625,1371,1444,1765,1283,0,1
1790,110000,2,2,26,0,0,0,0,0,0,106417,103587,56676,47332,45171,47092,9026,6000,2000,2000,3000,4006,0,0
1796,200000,1,2,34,1,-2,-2,-2,-2,-2,-800,-2685,-6144,-7905,-10213,-11060,0,0,0,0,0,0,0,0
1805,450000,1,2,31,-1,-1,-1,-1,-1,-1,10350,3629,3271,6271,2135,2546,3629,3271,6271,2135,2546,4877,0,1
1811,20000,2,2,36,-1,-1,-1,0,0,0,3152,0,4956,10148,6979,8353,0,4956,200,2000,1500,500,0,0
1862,10000,2,2,35,1,6,5,4,3,2,8257,8001,7741,7481,7075,6815,0,0,0,0,0,700,0,1
1895,100000,2,2,30,1,3,7,6,7,8,72652,90461,89011,96593,105083,103522,20000,0,10000,10000,0,0,0,1
1944,220000,2,2,30,0,0,0,0,0,0,217800,189016,137788,106713,96588,22743,7261,5170,4054,4500,1225,110000,0,0
2029,70000,2,2,31,0,0,0,0,2,0,46079,47232,48618,51134,50222,48874,2200,2500,3600,0,1754,1892,0,1
2135,160000,2,1,66,2,2,2,2,2,2,67771,69535,70848,71739,73090,74490,3400,3000,2600,2600,2700,2800,0,1
2152,150000,1,2,24,-1,-1,-1,-1,-1,-1,1050,3258,3664,1461,2348,3626,3258,3735,1461,2348,3626,3089,0,0
2173,50000,2,1,53,0,0,0,0,0,0,47824,48954,46716,18685,19076,19466,1948,1835,669,692,707,695,0,0
2197,10000,3,2,22,0,0,0,0,0,0,9363,5062,6021,6763,7648,8367,1200,1200,1000,1000,1000,0,0,0
2203,360000,3,1,53,0,0,0,0,0,0,8669,8254,8988,6868,5604,6158,1303,1513,706,700,600,2000,0,0
2262,100000,3,2,30,0,0,0,0,0,0,46675,46567,46638,46454,46262,47823,1800,2000,1700,1683,3500,1500,0,1
2267,360000,2,1,39,0,0,0,0,0,0,23690,67560,26649,15830,20025,21404,60284,16079,5024,9032,8035,12073,0,0
2298,500000,1,1,37,-2,-2,-2,-2,-2,-2,0,0,0,0,0,0,0,0,0,0,0,0,0,1
2324,90000,2,2,30,0,0,0,-2,-2,-2,46927,40000,0,0,0,0,4000,0,0,0,0,85000,0,0
2376,40000,2,1,38,2,2,2,2,2,2,33152,33623,34773,33917,36704,40404,1300,2000,0,3500,4471,0,0,1
2404,320000,1,2,32,-1,2,-1,-1,-2,-2,752,169,1940,0,0,0,0,1948,0,0,0,0,0,1
2405,20000,2,2,38,-1,-1,-1,0,0,-1,10462,3327,19305,17748,8269,1074,10287,19305,355,0,1074,0,0,0
2457,500000,1,1,51,0,0,0,0,0,0,396402,395484,333041,294173,300616,266973,14034,15040,12018,15028,10038,10018,0,0
2509,60000,1,2,25,0,0,0,0,0,0,13123,14403,16150,17870,19571,21235,1500,2000,2000,2000,2000,1000,0,0
2603,10000,3,2,25,2,0,0,0,0,-2,4693,5371,6327,6055,0,0,1300,1600,400,0,0,0,0,1
2637,130000,2,2,31,1,2,2,2,0,0,70722,69040,70912,63626,59200,38263,0,4130,43,2000,1368,1418,0,0
2670,10000,5,1,43,-1,0,0,0,-2,-2,17560,9829,3604,0,0,0,2537,1000,0,0,0,0,0,1
2686,100000,3,1,44,0,0,0,0,0,0,39649,43608,46899,47447,48035,40484,5000,5000,1554,1595,1686,1200,0,0
2755,20000,1,2,22,0,0,0,0,0,0,3281,4325,5341,5751,6500,7386,1100,1100,500,1000,1000,1000,0,0
2765,150000,1,2,27,0,0,0,0,0,0,82494,83044,84752,84743,78987,65590,3100,3500,3000,5000,3000,2500,0,0
2766,310000,2,1,35,0,0,0,0,0,0,7589,9463,12296,15083,17840,20376,2000,3000,3000,3000,3000,3003,0,0
2868,50000,3,2,41,0,0,0,0,0,0,45487,45548,46076,19092,18227,18285,1858,1685,659,658,656,651,0,0
2873,350000,1,2,37,-2,-2,-2,-2,-2,-2,316,316,316,466,466,316,316,316,466,466,316,316,0,0
3010,30000,3,2,25,2,2,2,0,0,2,22440,24168,23481,23950,25659,25098,2390,0,859,2097,0,1092,0,1
3032,20000,2,2,22,0,0,2,0,0,0,8134,9992,10526,11049,11865,12665,2000,1000,1000,1000,1000,8100,0,0
3038,300000,1,2,36,0,0,0,0,0,0,295433,301521,308038,306154,295664,290329,13000,13116,11000,11000,12000,9300,0,0
3051,160000,2,2,26,0,0,0,0,-1,0,25060,24306,17671,22121,40835,37471,8026,7804,7730,67296,1340,1280,0,0
3066,70000,1,2,25,-1,2,2,2,2,0,3635,4529,4308,4859,4638,4911,1100,0,624,0,500,1000,0,1
3067,20000,3,2,36,1,-1,-1,-1,-1,-1,0,832,0,832,1486,0,832,0,832,1486,0,1248,0,0
3211,230000,3,2,30,1,2,2,3,2,2,213894,218966,238075,233210,233833,190628,10040,28341,0,6508,187,5000,0,0
3218,320000,3,2,52,0,0,0,0,0,0,31858,33562,35119,36886,38756,40543,5000,5000,5000,5000,5000,5000,0,0
3256,10000,3,2,22,0,0,0,0,0,0,5757,6706,7715,7873,8742,9551,1200,1128,286,1000,955,0,0,0
3335,280000,1,1,50,-1,-1,-1,0,0,-2,19378,347,4197,3755,0,0,348,4399,18,0,0,0,0,0
3337,80000,1,2,31,1,2,2,2,2,2,21004,20384,22231,21576,23229,22708,0,2500,0,2000,0,1000,0,1
3434,20000,1,2,22,0,0,0,0,0,0,14677,16625,17924,18674,15452,15882,3004,3006,3007,489,2110,2201,0,0
3525,60000,2,1,39,0,0,0,0,0,0,54282,49541,46074,39917,39382,39799,2128,1608,1391,1410,1580,1548,0,0
3546,90000,2,1,39,0,0,0,0,0,0,20612,21956,23280,23812,24377,24821,1676,2000,1220,1100,1000,1100,0,0
3550,50000,2,1,28,0,0,-1,-1,-1,-1,20914,29303,2515,7885,14493,2113,10087,2522,7951,14493,2120,3027,0,0
3596,210000,3,2,66,0,0,0,0,0,0,209396,136809,139411,138991,140886,143721,6510,6450,5103,5500,5307,5011,0,0
3597,80000,2,2,27,2,0,0,0,0,0,76896,78663,78692,56032,57248,58515,3613,3100,2000,2100,2200,2041,0,1
3607,470000,1,1,57,0,0,0,0,0,0,83852,85008,83882,66207,65549,60805,3477,4100,2022,2100,2156,1740,0,0
3681,30000,1,2,36,0,0,0,0,0,0,9934,10305,1394,1594,566,0,1000,1000,200,0,0,0,0,0
3757,40000,1,2,26,0,0,0,0,0,0,18338,20033,21687,22327,22816,23436,2000,2000,1000,1000,1000,1500,0,0
3789,30000,5,2,23,-2,-1,-1,-1,0,0,2700,899,-1581,28419,29016,30908,899,0,30000,1055,2376,0,0,0
3816,10000,2,2,24,-1,-1,-1,-1,-1,-1,12,12,12,12,12,12,0,0,0,0,0,1393,0,1
3853,50000,3,1,48,-1,-1,-1,-1,-1,-1,1058,1726,390,390,390,390,1726,390,390,390,390,390,0,1
3859,200000,2,1,36,1,-2,-1,-1,-1,-1,-1,-1,296,299,278,4575,0,297,303,279,4597,0,0,0
3883,200000,1,1,34,-1,-1,-1,-1,0,0,5392,1938,4819,13074,2070,0,1938,4819,13074,0,0,790,0,0
4064,240000,1,2,29,1,-2,-2,-2,-2,-2,0,0,0,0,0,0,0,0,0,0,0,0,0,1
4078,50000,2,2,29,3,2,2,0,0,0,49747,51075,43662,18115,17300,17947,2500,14,2000,1000,1500,1500,0,1
4088,150000,2,2,34,0,0,0,0,0,0,135587,138473,141297,144605,148420,150500,4000,4000,4500,5000,3500,0,0,0
4091,50000,2,2,24,0,0,0,0,0,0,35166,29045,15188,7582,7741,7958,1300,1106,1500,281,346,159,0,0
4150,130000,3,1,44,0,0,-2,-2,-2,-2,15722,0,0,0,0,0,0,0,0,0,0,0,0,0
4161,50000,1,2,25,4,4,4,4,3,2,35906,37038,38151,37264,36396,35659,2000,2000,0,0,0,3001,0,0
4218,50000,2,2,33,1,2,2,2,2,2,40159,41323,40364,42781,41966,48865,2100,0,3400,0,7800,0,0,1
4261,20000,2,2,33,0,0,0,0,0,0,16128,17441,18589,18607,19892,24338,2000,2000,2001,2001,100,4737,0,0
4342,50000,2,1,32,0,0,0,0,0,0,46253,46117,46919,17459,17825,18193,1998,3000,625,647,664,649,0,0
4526,50000,2,2,25,0,0,0,-1,-1,-2,11391,8081,16297,1000,0,0,1286,10048,1003,0,0,0,0,0
4555,160000,1,2,48,-1,2,2,-2,-2,-2,23037,22260,0,0,0,0,0,0,0,0,0,0,0,1
4642,50000,1,2,45,0,0,0,0,0,0,48719,49966,32538,20270,19992,20054,2212,2503,693,1000,1000,1000,0,0
4690,170000,3,1,39,1,2,2,2,0,0,171062,166870,165156,161137,164501,166064,0,13000,0,6000,12400,5700,0,0
4747,110000,2,1,27,1,2,2,2,2,2,46657,48615,49519,48421,50644,51662,3000,2000,0,3000,2000,3000,0,0
4799,480000,1,2,49,0,0,0,0,0,0,456668,424843,325772,320760,325841,331602,14706,15377,10481,11003,11303,11329,0,0
4831,140000,2,2,36,0,0,0,0,0,0,94586,92692,87696,80284,80086,81759,3519,3027,2905,3000,3000,3100,0,0
4955,340000,1,2,35,-1,-1,-1,-1,-1,-1,842,2865,-22,7569,797,1211,2873,0,7591,799,1214,18309,0,0
4971,110000,2,2,36,0,0,0,0,0,0,109345,111980,111563,106625,48631,49724,4400,4200,4406,1800,1900,1900,0,0
5011,20000,3,2,26,0,0,-2,-2,-2,-2,16320,0,0,0,0,0,0,0,0,0,0,0,0,0
5027,50000,2,1,25,0,0,0,0,0,0,48213,47750,46153,45572,45412,44985,1800,1700,1585,2000,2000,1600,0,0
5054,320000,2,2,32,0,0,0,0,0,0,75122,70308,51223,52371,54518,56601,4000,3000,2000,3000,3000,4000,0,0
5095,360000,1,2,26,0,-1,-1,0,-1,-1,11910,1356,4073,17812,2981,1936,1500,5000,15000,3000,2000,1033,0,0
5184,100000,2,1,40,0,0,0,-1,-1,-1,99958,76554,58610,9779,12273,2701,2975,2789,9779,12273,3105,16828,0,0
5254,200000,1,1,63,-1,-1,-1,-1,-1,-1,316,316,316,316,316,316,316,316,316,316,316,316,0,0
5282,50000,2,2,51,0,0,0,0,0,0,48726,49050,49584,19791,18518,19078,2100,1600,700,670,866,618,0,1
5395,70000,1,2,29,-1,-1,0,-1,2,-1,2343,14336,13155,3929,1953,967,15000,4000,4000,0,1000,1000,0,0
5416,500000,2,2,67,-1,-1,-1,-1,-1,-1,4410,2662,2533,1821,2498,3622,2681,2547,1826,2505,3630,3099,0,0
5486,30000,3,2,28,2,2,2,2,2,3,300,300,300,300,1300,1150,0,0,0,1000,150,0,0,1
5495,280000,1,1,34,0,0,0,0,0,0,212968,312960,373419,232919,228387,235187,237000,150000,10000,150000,10572,7313,0,0
5543,280000,2,2,30,2,2,2,2,2,0,110550,113877,115223,116930,112607,95949,6600,4700,5100,0,4200,3000,0,0
5545,200000,1,2,27,1,-2,-1,0,-1,-1,0,0,6331,6460,630,500,0,6331,129,630,500,0,0,0
5691,80000,1,2,38,-1,-1,-1,0,-1,-1,780,259,7544,390,390,332,259,7544,0,390,332,780,0,1
5735,60000,2,1,40,0,0,0,0,0,0,58078,58139,59461,37170,18464,15822,2354,2538,1000,2000,1000,1000,0,1
5786,60000,2,2,26,2,2,2,2,0,0,61103,61380,62158,120142,60428,58192,3000,2746,0,2297,1875,1158,0,1
6001,50000,2,1,33,0,0,0,0,0,0,13538,9199,6879,6753,5440,5440,2000,1284,264,109,390,0,0,0
6049,400000,2,2,29,1,2,0,0,0,0,21092,19756,19058,15146,15064,12774,0,1510,1010,1000,2000,2000,0,0
6148,220000,2,2,39,-1,-1,0,0,0,0,3553,15696,17257,21624,26246,30781,15696,5000,5000,5000,5000,5000,0,0
6154,460000,1,1,41,-1,-1,-1,-1,-1,-1,5383,40004,0,650,0,2232,40134,0,650,0,2232,3208,0,1
6180,90000,3,2,29,0,0,0,0,0,0,83683,65192,46273,46979,48139,44432,4000,3000,1700,2000,1591,2647,0,0
6249,390000,1,2,29,0,-1,0,0,0,0,9918,15918,103169,95669,88080,80576,16008,100000,5000,4000,4000,3000,0,0
6260,80000,2,2,32,1,2,0,0,0,-2,82212,79682,28242,21400,0,0,7,1200,1408,0,0,0,0,0
6269,120000,2,2,29,1,2,0,0,2,2,87376,85135,86024,91380,93263,95079,0,3200,6800,3500,3500,0,0,1
6316,10000,1,2,24,0,0,2,0,0,0,4216,6476,6224,6347,12856,8078,2500,0,227,239,3412,0,0,1
6379,120000,1,2,34,1,2,2,-1,-1,-1,650,625,300,475,300,325,300,0,500,300,500,300,0,1
6390,10000,3,0,40,0,0,0,0,0,-2,8286,9395,10000,10000,0,0,1400,1000,0,0,0,0,0,0
6400,30000,3,1,33,2,0,0,0,0,0,29742,30266,45414,21331,21987,22452,1406,1366,1000,1000,980,1000,0,1
6424,180000,1,2,28,0,0,0,0,0,-1,9853,18399,29973,42347,-53,10653,10732,22119,17012,0,10706,9659,0,0
6453,330000,1,1,46,-1,-1,-1,-1,0,0,7401,4567,6242,24353,20219,23163,4567,6443,24353,10219,13163,5909,0,0
6507,50000,2,2,52,1,2,0,0,0,2,5893,5653,6747,7859,7464,7199,0,1200,1200,1200,0,1200,0,0
6525,30000,2,1,33,0,0,0,0,0,0,23467,24195,25286,25807,26350,27409,1409,1500,942,959,1500,946,0,0
6535,170000,1,1,35,0,0,0,0,0,0,51207,38528,34688,30542,61032,23711,5000,2000,3000,1000,6000,8753,0,0
6641,130000,1,2,30,0,0,0,0,0,0,130705,132472,129576,129829,125382,124942,6500,4700,5000,4600,5200,4500,0,1
6664,180000,2,2,30,0,0,0,0,0,0,145563,147348,143548,133408,136481,140008,10035,5096,5000,5200,6024,5015,0,0
6749,50000,3,1,48,0,0,0,0,0,0,11839,13240,14015,14293,14763,14968,1600,1300,511,700,600,800,0,1
6757,90000,2,1,28,0,0,-2,-2,-2,-2,5580,0,0,0,0,0,0,0,0,0,0,776,0,0
6800,80000,2,2,24,0,0,0,0,0,2,26170,25215,26189,26801,28593,26020,1414,1388,1000,2180,0,929,0,1
6838,20000,1,2,25,1,2,2,0,0,0,17147,19557,18935,19005,17862,20393,3000,0,653,900,3000,27,0,1
6891,80000,1,2,31,0,0,0,0,0,0,48783,42692,34593,38808,40942,40854,5000,3000,5000,5000,3000,2000,0,0
6913,590000,1,1,63,0,0,0,-1,0,0,630458,646770,693131,324522,358774,369685,28000,61115,325000,40000,20000,51000,0,0
6937,370000,1,2,28,0,0,0,0,0,-1,87313,90345,37554,7628,1026,1422,5000,6000,2000,1000,1422,3600,0,0
7002,520000,1,1,55,-1,-1,-1,-1,-1,-1,2292,5139,8290,35024,10881,7208,5227,8309,35026,10883,7310,4890,0,0
7123,390000,1,1,45,2,2,0,0,0,0,185204,180455,131386,131879,115183,75131,0,6000,3500,5000,4500,3000,0,1
7188,20000,2,2,25,1,2,2,2,2,0,19242,20339,19707,20899,20450,20197,1700,0,1800,0,1000,900,0,0
7419,20000,2,1,59,1,-1,0,0,-1,-1,-1213,30322,20033,19871,15410,18969,52082,15800,2000,20085,39070,25000,0,0
7420,80000,1,2,29,-1,-1,2,0,0,0,2946,4599,1863,3309,1446,390,4599,0,1446,0,0,2493,0,0
7430,120000,3,2,50,-1,-1,-1,-1,-2,-2,390,0,780,0,0,0,0,780,0,0,0,0,0,1
7519,160000,2,2,37,0,0,0,0,0,0,119165,118392,117553,113256,112678,111924,6008,6011,3606,3803,4003,3311,0,0
7535,210000,2,1,54,2,-1,-1,-1,-1,-1,471,176,195,485,210,3483,176,195,485,0,4466,417,0,0
7574,280000,1,2,26,0,0,0,0,2,2,245969,251120,254735,270486,276026,271408,10600,9300,20000,10000,0,11000,0,0
7645,30000,3,2,49,0,-1,-1,0,-1,-1,15966,240,17433,16865,29220,11400,262,20416,852,29220,728,0,0,0
7672,200000,1,2,28,-2,-1,2,0,0,2,95065,112893,110059,34125,36031,31885,20000,0,34000,2500,0,50000,0,0
7816,250000,1,2,29,-1,-1,-1,-1,-1,0,12044,3260,4037,1184,5107,1893,3276,4057,1196,5123,6,2539,0,0
7829,50000,2,2,26,0,0,0,-1,-1,-1,5385,4754,-43,1757,-765,18032,2000,0,1800,0,19000,4000,0,0
7871,200000,1,2,26,-1,-1,-2,-2,-2,-2,299,-201,-201,-201,-201,-201,0,0,0,0,0,0,0,0
7926,50000,2,2,36,2,2,2,2,2,2,32899,34076,34522,33668,35323,36588,2000,1300,0,2200,2000,1500,0,1
7950,330000,3,2,48,1,-1,-1,-1,-1,-1,0,571,0,11942,300,-200,571,0,11942,300,0,0,0,0
8063,220000,2,2,30,-1,0,0,-2,-2,-2,2501,2071,0,0,0,0,1000,0,0,0,0,0,0,0
8097,240000,1,1,30,0,0,0,0,0,0,240770,243509,228735,198585,202762,202932,9000,8009,7100,7324,7200,7074,0,0
8125,200000,2,2,29,2,2,4,4,4,4,2500,2500,2500,2500,2500,2500,0,0,0,0,0,0,0,1
8217,20000,2,2,30,0,0,0,2,2,2,16728,17759,19752,19155,20385,19218,1307,2300,0,1525,0,1000,0,1
8222,10000,2,1,43,3,2,2,4,3,2,8261,9470,11163,10852,10396,10085,1500,2000,0,0,0,350,0,1
8257,80000,2,2,34,-2,-2,-2,-2,-2,-2,0,0,0,0,0,0,0,0,0,0,0,0,0,0
8271,260000,1,1,45,0,0,0,0,0,0,21480,25791,31654,35784,40726,45923,5000,6781,5000,6452,6696,6892,0,0
8293,170000,1,1,35,-1,-1,-2,-2,-2,-1,473,-103,-103,-103,-103,2297,0,0,0,0,2400,0,0,1
8359,200000,3,1,38,0,0,0,0,0,0,181532,179645,180615,180127,166755,167416,8218,7912,6284,6313,6200,6419,0,0
8362,20000,2,1,32,0,0,2,0,0,0,19468,20844,19362,19402,19607,19821,3000,0,850,920,750,300,0,1
8379,60000,2,1,39,-1,0,0,0,0,0,14085,14575,18423,13099,14537,16928,2000,5000,4000,2000,5000,2000,0,0
8432,240000,2,1,44,-1,-1,-1,-1,0,-1,5428,9054,13158,6507,2955,1092,9064,13158,6860,2295,1092,2076,0,0
8444,10000,2,2,23,2,0,0,0,0,0,8638,8958,9414,9344,9545,9586,1294,1150,480,500,348,402,0,0
8509,50000,2,2,24,1,-2,-2,-2,-2,-2,0,0,0,0,0,0,0,0,0,0,0,0,0,1
8538,30000,1,2,26,2,2,0,0,0,0,7510,7247,8165,8529,8743,8949,0,1200,500,500,500,500,0,1
8549,10000,2,2,28,-1,2,-1,-1,2,2,200,100,370,1766,1496,8356,0,370,1496,0,7000,0,0,0
8559,230000,2,2,30,0,0,0,0,0,0,120113,112301,104587,98333,88909,78872,4501,4585,3328,3500,2872,3000,0,0
8569,220000,1,1,50,-1,-1,-1,-1,-1,-1,3484,6742,4028,3576,2378,5946,6758,4028,3576,2378,5946,1489,0,0
8630,80000,1,2,31,0,0,0,0,0,0,46516,30122,24099,7764,4804,10221,15029,5048,229,303,6018,500,0,0
8673,50000,1,2,23,0,0,0,0,0,0,48954,35213,33404,18727,13793,19354,2000,4005,1000,1000,6000,1000,0,0
8738,90000,1,1,37,0,0,0,0,0,0,40028,38704,37135,35141,33502,34173,2000,1800,1150,1200,1150,1100,0,0
8860,180000,1,2,29,-1,-1,-1,-1,-1,-1,996,1593,2597,998,847,1912,1597,2604,1001,849,1915,4055,0,1
8915,330000,2,2,28,0,0,0,0,0,0,53260,37207,40560,41978,46728,40502,2000,4000,2000,5039,2164,2000,0,0
8920,50000,1,2,23,2,3,2,0,0,0,7557,7293,8017,8687,9048,9306,0,1000,810,500,408,500,0,1
9015,20000,3,1,69,0,0,0,0,0,0,18516,19193,18578,17989,19533,20039,1700,2000,2000,2000,831,400,0,0
9024,30000,2,2,27,1,2,0,-1,2,0,29956,28469,58384,29553,29933,30000,0,2000,30000,1000,1000,0,0,1
9048,20000,1,2,25,1,-1,2,2,2,2,0,1825,1346,587,338,1239,3650,0,300,0,1000,0,0,0
9154,210000,2,2,32,0,0,2,0,0,0,155913,165227,161427,164860,187329,186079,13000,0,5666,24886,6282,6494,0,0
9176,240000,2,2,30,0,0,0,0,0,-1,151127,155421,154926,148681,24105,9770,10000,10000,300,1000,9770,18037,0,0
9199,260000,2,1,31,0,0,0,0,-2,-2,12695,9277,7065,0,0,0,4005,4150,0,0,0,0,0,0
9268,50000,1,2,33,0,0,0,0,0,0,21171,22698,14125,18025,9063,10747,2028,2000,4000,2000,2000,2000,0,0
9272,60000,1,2,31,2,2,2,2,2,2,60705,62352,60745,58828,55606,58551,3200,0,4580,0,4727,0,0,1
9363,340000,2,1,42,0,0,0,0,0,0,76166,83909,169911,130718,131684,126223,10000,115000,5000,6000,10000,10000,0,0
9389,50000,5,2,33,0,0,0,0,0,0,47423,33843,31251,30935,28905,27487,1600,1600,1200,1200,1000,972,0,0
9396,20000,2,1,62,0,0,0,-2,-2,-2,19724,19581,0,0,0,0,1000,0,20500,0,0,0,0,1
9444,150000,1,2,31,-1,-1,-1,-1,0,0,3084,-1,600,4102,4102,6121,0,601,4102,0,2019,5515,0,0
9454,80000,2,1,45,0,0,0,0,-2,-2,4089,5015,2521,531,9766,10042,1042,1000,531,9354,438,200,0,0
9476,290000,1,2,29,1,-2,-2,-2,-2,-2,0,0,0,0,0,0,0,0,0,0,0,0,0,1
9525,100000,2,1,52,0,0,0,0,0,0,21641,22983,24290,25080,25768,27407,2000,2000,1500,1093,2228,0,0,0
9595,130000,2,2,29,0,0,0,0,0,0,29252,30086,30680,30797,31147,31996,2000,1793,1300,1223,1851,1000,0,0
9605,290000,1,3,55,0,0,2,0,0,0,7970,10320,10005,10838,11663,13301,2482,0,1000,1000,2000,2000,0,1
9697,50000,2,1,34,1,2,2,2,2,2,16501,15947,18134,17622,19249,14259,0,2500,0,2000,0,1000,0,1
9725,50000,1,1,38,0,0,-2,-2,-2,-2,12650,0,0,0,0,0,0,0,0,0,0,0,0,0
9746,80000,3,2,32,0,0,0,0,0,0,71375,18353,94675,90470,85449,80309,1414,83402,4000,3058,2903,2626,0,0
9757,60000,2,2,49,0,0,0,0,0,0,81411,52017,35423,24023,20175,16137,38709,1609,661,656,1000,5000,0,0
9762,360000,2,1,33,1,2,2,7,6,5,296148,304249,383030,377145,370850,364365,14906,97225,0,0,0,0,0,0
9815,90000,1,2,26,1,2,2,0,0,0,58518,52526,45640,41539,39373,32080,3006,99,1500,1500,2015,1200,0,0
9852,100000,2,1,52,0,0,0,0,0,0,64254,21178,101565,82087,81201,77928,2211,81565,2625,3931,2900,2800,0,1
9897,360000,2,2,33,-1,-1,-1,0,-1,-1,9582,2119,10549,4409,2567,6234,2139,10580,110,2578,6265,0,0,0
10016,150000,2,2,30,-1,-1,-1,-1,-1,-1,8821,5943,6569,24604,4878,1477,5964,6588,24677,4896,1477,4303,0,0
10048,260000,2,1,46,0,0,0,0,0,0,29562,22429,11333,11651,12651,9247,1500,1000,1000,1000,205,1988,0,0
10073,360000,1,2,33,-1,-1,-1,-1,-1,-1,845,-4,831,899,1172,820,0,835,899,1172,820,670,0,0
10175,200000,1,2,28,-2,-2,-2,-2,-2,-2,0,0,0,0,0,0,0,0,0,0,0,597,0,0
10233,50000,2,2,25,1,2,0,0,0,0,21679,18566,19918,19584,18508,20047,0,2000,1500,1000,2000,676,0,1
10241,20000,3,2,28,-1,2,2,2,0,0,3515,4301,5075,4845,6753,9615,1000,1000,0,2000,3000,2000,0,1
10251,50000,2,2,26,1,-2,-2,-2,-2,-2,0,0,0,0,0,0,0,0,0,0,0,0,0,0
10345,90000,2,2,28,0,0,0,0,0,0,91431,88920,88344,50209,48262,49316,4672,4042,1748,1892,2000,1861,0,0
10438,50000,3,2,40,0,0,0,0,0,0,52828,93362,46645,19114,19341,20047,3000,2403,6700,1000,1000,2000,0,0
10455,140000,2,2,31,0,0,0,0,0,0,64300,62758,77133,71397,71546,83412,20009,32637,15027,10021,20055,10037,0,0
10561,20000,2,2,30,0,0,0,0,0,0,19149,20221,19812,10717,13534,15298,1392,1201,1000,3000,2000,399,0,0
10607,50000,3,1,51,-1,-1,-1,-1,-1,-2,6700,13902,42835,8500,0,0,13902,42863,8500,0,0,0,0,0
10620,80000,2,2,26,-1,0,0,0,0,0,2159,4132,5949,7144,5309,500,2000,2002,2005,15,523,0,0,0
10626,30000,2,2,37,0,0,0,0,0,0,27526,28794,29480,29679,16451,0,1714,1400,599,0,0,0,0,0
10807,80000,1,2,36,-2,-2,-2,-2,-2,-2,5012,1200,0,1159,0,0,1200,0,1159,0,0,6028,0,0
10831,10000,2,2,22,2,0,0,-1,-1,-2,8631,9202,9975,528,0,0,1238,1275,528,0,0,0,0,1
11061,380000,1,1,39,1,-2,-2,-2,-2,-2,0,0,0,0,0,0,0,0,0,0,0,0,0,1
11374,50000,2,2,31,0,0,0,0,0,-2,47709,47838,49597,43885,0,0,3007,5230,1927,0,0,0,0,0
11387,20000,1,2,23,0,0,0,0,0,0,8693,10045,11776,11776,10886,-1000,1500,2000,0,0,0,0,0,0
11451,80000,2,2,29,1,2,0,0,0,0,75234,76417,76916,51070,52727,54847,3007,5090,2001,3000,3000,3000,0,0
11479,500000,1,1,44,-1,0,0,-2,-2,-2,35755,72000,0,0,0,0,40000,0,0,0,0,11621,0,0
11535,170000,2,2,27,-1,-1,-1,-1,-1,-1,416,416,416,416,416,416,416,416,416,416,416,416,0,0
11657,290000,1,1,38,-2,-2,-2,-2,-2,-2,2500,0,0,0,0,0,0,0,0,0,0,0,0,0
11674,50000,3,1,56,0,0,0,0,0,0,24729,20285,26026,12059,9765,10097,1338,1011,482,228,365,1261,0,0
11725,20000,6,2,27,0,0,0,0,0,-2,19189,19226,18371,18400,0,0,1376,1206,2222,0,0,0,0,0
11850,260000,1,1,53,-1,3,2,0,0,-1,1361,1188,792,792,396,2289,0,0,396,0,2289,164047,0,0
11896,20000,1,2,36,0,0,0,-2,-2,-2,7075,7860,0,0,0,0,1000,0,0,0,0,0,0,0
11967,610000,1,2,35,0,0,0,0,0,0,269672,274882,276887,260761,266747,271886,10000,11000,10000,11000,10000,10000,0,0
11968,20000,3,2,29,-1,-1,-1,-1,-1,-1,4453,7997,6573,7422,4381,11718,8019,6779,7547,4589,12000,7556,0,0
12020,180000,1,1,35,0,0,0,0,0,0,170128,172258,138807,132806,135603,137803,7187,5000,4749,5141,4916,4000,0,0
12036,30000,3,2,44,4,3,2,7,7,7,2646,2646,2646,2646,2646,2646,0,0,0,0,0,0,0,0
12049,50000,2,1,31,1,2,0,0,0,0,51203,50110,51066,50737,50827,50856,0,2100,1800,1900,2100,1800,0,0
12096,120000,1,2,29,0,0,0,0,0,0,25602,30156,33632,36574,38985,40339,5000,4000,3500,3000,2000,5036,0,0
12102,250000,1,2,30,1,-2,-2,-1,-1,-1,0,0,0,700,150,200,0,0,700,150,200,0,0,0
12121,150000,3,1,27,2,2,2,2,0,0,183405,188959,192342,189717,195670,198611,10000,8000,2000,9000,8000,110000,0,0
12325,30000,1,2,24,0,0,0,0,0,0,28495,29632,30629,29357,30143,30419,1900,1800,1045,1250,1100,1100,0,0
12331,300000,2,1,37,1,-1,2,0,0,0,-165580,324392,296931,30355,26771,23737,505000,331,1070,17771,18000,16079,0,0
12368,90000,1,1,34,2,0,0,0,0,0,54933,55460,56599,58155,60058,61250,2009,2057,2500,3000,2189,2282,0,1
12414,50000,3,1,23,0,0,0,-2,-2,-2,13352,14111,0,0,0,0,1066,0,0,0,0,1000,0,0
12430,150000,2,2,42,-2,-2,-2,-2,-2,-2,6407,-6,-3,-3,-3,1040,0,0,0,0,1043,0,0,0
12464,360000,1,1,40,0,0,2,-1,-1,-1,76584,85400,17295,8331,2643,6008,21358,86,8372,2656,6038,3325,0,0
12473,180000,1,2,30,0,0,0,0,0,0,174297,152251,96399,87026,78137,58332,22000,4000,2000,5000,3000,3000,0,0
12560,200000,1,1,31,0,0,0,0,0,0,179063,159466,162739,163555,166452,168398,5000,5100,5000,6000,4500,20000,0,0
12662,80000,2,2,27,0,0,0,0,0,0,38220,33962,31297,27679,7689,8802,3000,1000,730,2015,1000,2000,0,0
12707,390000,1,1,38,-1,-1,-1,0,0,-1,9610,6090,18119,15220,7658,7547,6090,18119,304,416,7547,897,0,0
12713,360000,1,2,33,-1,2,0,0,2,0,5971,5732,6465,9465,9290,4209,0,1000,3000,0,5000,3780,0,0
12734,80000,2,2,24,0,0,0,0,0,0,35926,32813,22638,18805,6058,0,5041,4238,5051,3118,0,0,0,0
12756,230000,1,1,35,-1,-1,-2,-2,-2,-2,3454,0,0,0,0,0,0,0,0,0,0,0,0,1
12845,200000,1,1,30,0,0,0,0,0,0,182338,123079,124075,99440,104685,54038,4653,5000,5000,6000,5000,10000,0,0
12948,200000,2,2,25,0,0,0,0,0,0,107001,108619,110149,110333,85201,84809,5000,5000,5000,3000,5000,10000,0,1
13000,20000,2,1,40,-1,-1,-1,-1,-1,-1,836,836,390,390,390,390,836,390,390,390,390,30500,0,1
13004,280000,2,1,25,-1,-1,0,0,0,0,3863,84601,67765,63628,60860,60316,89295,2192,1899,1673,2125,1511,0,0
13046,130000,2,1,31,2,2,0,0,0,0,131635,126548,127748,100291,93552,95521,0,5100,4100,3392,3521,3724,0,1
13151,320000,1,1,41,0,0,0,0,0,0,321281,324449,254293,206521,202697,203332,27000,17000,7030,7000,10000,30000,0,0
13185,20000,2,2,24,3,2,0,0,0,0,18585,18003,19012,19100,19506,20037,0,1612,700,714,861,393,0,1
13202,250000,3,2,46,0,0,0,0,0,0,244563,248218,70004,64953,51507,50338,10925,2351,1886,1616,1756,1182,0,0
13223,50000,2,2,41,0,0,0,0,0,0,40709,37503,18086,18545,15453,15847,3000,2000,1000,1000,800,3000,0,0
13233,100000,2,2,32,1,-2,-2,-2,-2,-2,0,0,0,0,0,0,0,0,0,0,0,0,0,1
13240,20000,3,2,34,-1,-1,2,2,-2,-2,390,780,780,0,0,0,780,0,0,0,0,0,0,1
13242,400000,1,1,41,-1,-1,-1,-1,-1,-1,1630,816,1617,875,917,5434,816,1617,875,917,5434,14115,0,0
13306,270000,1,1,37,-1,-1,-1,0,-1,-1,396,396,792,396,396,396,396,792,0,396,396,396,0,1
13359,150000,5,1,36,0,0,0,0,0,0,220889,133616,136378,139219,142172,145065,3800,3900,4000,4100,4100,5500,0,0
13368,160000,1,1,36,0,0,0,0,-1,-1,67879,36865,47986,0,15655,0,2500,15000,0,15655,0,1674,0,0
13388,280000,3,1,37,0,0,0,0,0,0,271276,275970,280276,188923,192333,195774,16991,10447,6006,6006,6147,5001,0,1
13445,320000,1,1,48,2,2,2,2,2,2,201932,215392,218370,220977,225021,221730,18300,8000,7700,7700,0,7900,0,1
13461,200000,2,1,36,1,-2,-2,-2,-1,-1,0,0,0,0,1680,0,0,0,0,1680,0,0,0,0
13521,140000,1,2,35,0,0,0,0,0,0,10339,18276,25852,14390,13728,2905,10006,10048,5008,2018,2005,1005,0,0
13530,90000,1,2,29,-1,-1,-1,0,-1,-1,140,0,280,140,133,2506,0,420,0,133,2513,910,0,0
13534,50000,3,2,41,0,0,0,0,0,0,15502,14446,10339,10766,10945,11214,1500,1500,600,500,600,500,0,0
13621,50000,2,1,49,0,0,0,0,0,0,28788,21485,18800,17272,14226,14991,1377,1500,500,2000,1000,2000,0,0
13622,100000,3,2,37,0,0,0,0,0,0,20116,19319,16356,10144,8095,10140,4000,2000,4000,3095,5140,4122,0,0
13700,90000,2,2,30,-1,-1,-1,-1,-1,-1,2629,1076,1613,993,7881,1516,1079,1617,996,7904,1521,413,0,0
13802,50000,3,1,24,1,-2,-2,-2,-2,-2,0,0,0,0,0,0,0,0,0,0,0,0,0,0
13803,50000,3,2,46,1,2,0,0,0,0,49220,48161,49310,49725,49910,48694,0,2000,1900,2007,2000,2012,0,1
13807,50000,2,1,41,2,0,0,0,0,0,48958,48293,48999,7470,6406,3679,2572,2602,349,706,500,1000,0,1
13821,60000,3,2,52,0,0,0,0,0,0,22460,23592,24665,26305,23756,25353,1500,1500,2000,1500,2000,2000,0,0
13846,50000,1,1,44,-1,0,0,0,0,0,50404,50782,49019,20208,19677,20153,2300,1440,1000,1000,2000,560,0,0
13877,10000,3,2,45,1,2,2,2,0,0,9503,7238,9407,8126,8838,9039,0,2310,0,1000,500,335,0,0
13912,450000,1,1,48,-2,-2,-2,-2,-2,-2,20938,80176,37417,22048,20926,13187,80191,37417,22080,20926,13337,88744,0,0
14074,50000,3,2,31,0,0,0,0,0,0,49415,49547,15464,15701,12192,12515,1278,1195,432,443,526,291,0,0
14083,320000,1,1,40,1,-1,-1,-1,-1,-1,14,1200,2987,-13,2670,-4,1205,3002,0,2683,0,0,0,0
14084,600000,2,1,50,0,0,0,0,0,0,225274,230414,237135,241033,246081,250971,8773,10561,8629,8934,8984,9306,0,1
14097,20000,2,1,61,1,2,2,2,3,2,12961,13668,13145,15023,14510,13854,1209,0,2087,0,550,0,0,1
14123,300000,1,2,29,-1,-1,-1,-1,-1,-1,696,696,696,696,696,696,696,696,696,696,696,696,0,0
14128,150000,1,2,28,0,0,0,0,0,-2,6065,9606,3425,3425,0,0,5000,1000,0,0,0,53082,0,1
14224,20000,1,2,42,0,0,0,-2,-2,-1,15610,18250,0,0,0,1000,3000,0,0,0,1000,8024,0,0
14234,50000,2,2,24,1,2,0,0,0,0,51116,49042,54439,9753,9952,9352,0,2327,1072,199,9000,298,0,0
14274,200000,1,2,42,0,0,0,0,0,2,163340,168701,172074,173907,184067,180612,8000,8000,6500,13500,0,7000,0,0
14300,170000,1,2,32,-1,2,0,0,0,0,69013,67397,69518,70616,79267,84140,0,3800,2800,10000,6129,0,0,0
14323,440000,1,1,62,0,0,0,-1,2,0,14721,5049,649,1108,150,1075,4909,499,959,0,925,1392,0,0
14356,200000,2,1,40,1,2,2,0,-1,0,303719,268163,228720,234177,201490,190721,5133,0,5857,202076,6726,5346,0,0
14390,20000,2,2,21,0,0,-1,0,0,0,19739,17875,19174,19158,18762,19223,1000,26299,673,680,772,851,0,0
14399,400000,1,1,36,0,0,0,0,0,-1,44765,35776,67887,20356,12780,11625,10006,3072,72,62,11681,31071,0,0
14544,140000,2,2,39,0,0,0,0,0,0,139079,143816,134472,130129,133031,136919,7000,4800,4659,5000,6100,6000,0,0
14573,130000,1,1,34,0,0,0,0,0,0,128846,130525,74745,68597,54774,53728,5170,2584,4000,2006,2000,2004,0,1
14578,230000,1,1,40,0,0,0,0,0,0,87162,88801,87972,57846,57798,52071,4293,3000,1928,2000,2500,2000,0,0
14683,50000,1,2,25,0,0,2,2,2,2,44663,48045,47306,49296,47220,49584,4100,400,3000,2,4005,6,0,0
14706,180000,1,2,30,1,-1,-1,-2,-2,-2,0,1186,0,0,0,0,1186,0,0,0,0,0,0,1
14729,110000,2,1,30,0,0,3,2,2,2,57503,66128,64477,65413,66520,68270,9600,0,2600,2300,3000,5200,0,1
14757,180000,1,2,28,0,0,0,0,0,0,180387,182361,184097,177870,169767,175867,9000,8500,8500,8000,14250,8000,0,0
14809,170000,1,1,35,-1,-1,-1,-1,-1,-1,481,326,526,526,635,760,326,526,526,635,760,526,0,1
14825,20000,3,2,26,2,0,0,0,0,0,14081,15835,16985,19985,9421,9764,2000,2000,3000,1000,500,1000,0,1
14841,360000,2,1,34,0,0,2,0,0,-1,6287,3580,2224,1206,-11,2216,2505,5,12,0,2227,0,0,0
14975,80000,1,2,31,-1,-1,0,0,0,0,17873,65585,64047,48107,48620,45280,65592,2051,2002,2013,2004,2000,0,0
15040,210000,1,1,38,0,0,0,-2,-2,-2,81582,82768,654,628,302,476,4000,1584,300,0,500,476,0,0
15066,590000,1,2,33,0,0,-1,0,0,0,42337,90090,68573,61065,30510,25887,60092,68753,10000,15033,25965,20377,0,0
15076,520000,1,2,34,0,0,0,0,0,0,203647,185853,178531,170915,162864,155297,6501,7001,5989,5701,6001,6001,0,0
15077,30000,2,2,47,1,3,2,0,0,0,15783,15237,15693,16928,18299,20129,0,1000,1500,1659,2129,0,0,1
15080,210000,2,1,44,-2,-2,-2,-2,-2,-2,245,245,141,-104,-104,-104,245,141,88,0,0,0,0,0
15089,20000,2,1,37,3,2,0,0,0,0,20334,18555,3455,4359,4448,4704,0,1096,1000,89,256,0,0,0
15108,210000,0,2,45,-2,-2,-2,-2,-2,-2,2563,5854,1032,788,3499,3372,5854,1032,788,3565,3372,15381,0,0
15120,20000,3,1,56,1,2,2,2,2,0,9453,10143,10730,12241,11748,12456,1000,900,2000,0,900,3200,0,1
15122,50000,2,1,53,0,0,0,0,0,0,48120,47824,48954,46716,18685,19076,1818,1948,1835,669,692,707,0,0
15130,150000,2,2,52,-2,-2,-2,-1,0,0,4966,-1390,-4661,129847,131969,134515,1406,133122,136320,5001,5000,5001,0,0
15136,150000,1,2,53,0,0,0,0,-2,-2,103720,103662,105000,0,0,0,5000,3000,0,0,0,0,0,0
15444,80000,3,2,28,1,2,2,0,0,0,38151,39227,38318,42614,86966,41950,2000,0,5000,1500,1500,7000,0,1
15448,20000,2,2,26,0,0,2,2,0,0,15481,18004,19121,18521,18615,19015,3100,1700,0,700,700,860,0,1
15461,90000,2,2,29,0,0,0,0,0,0,85769,87877,89766,63793,24265,25713,3535,3703,2085,1026,2000,2000,0,0
15467,220000,1,2,30,2,0,0,0,0,0,84630,87604,89687,90889,91892,93815,5000,5000,4200,4000,4000,5000,0,0
15491,20000,1,1,31,0,0,0,2,-1,-1,4596,5675,8231,2717,4733,1099,1161,2717,0,4733,1099,0,0,1
15496,30000,3,2,30,1,2,2,2,2,2,4318,5096,6353,7092,7972,7702,1000,1500,1000,1000,0,1000,0,0
15507,90000,2,2,33,0,0,0,0,0,0,60881,65215,66748,70101,80611,89870,5000,2200,4035,12200,10000,0,0,0
15510,80000,2,2,43,0,0,0,-2,-2,-2,70479,71900,0,0,0,0,3300,0,0,0,0,390,0,0
15521,180000,2,2,32,0,0,0,0,-1,0,45469,39368,9652,10775,1943,13243,5000,2000,3000,1943,13000,170000,0,0
15550,360000,1,1,33,0,0,0,0,0,0,21936,35331,30580,34985,39585,49735,14000,5000,5000,5000,10150,60000,0,0
15584,20000,3,1,52,0,0,3,2,0,0,16049,19967,19368,18759,19131,19533,4519,0,0,683,709,1027,0,1
15687,170000,2,2,29,0,0,0,0,-1,0,23070,186183,164405,93983,2806,1732,164000,7000,5215,3500,2000,300,0,0
15706,50000,2,2,35,0,0,0,0,0,0,47816,49694,48543,46366,9076,9812,3000,3000,3019,3000,1000,2000,0,0
15719,50000,1,2,35,2,0,0,0,0,0,50481,48264,19142,18188,18397,18161,3183,1565,7240,795,1000,673,0,1
16488,20000,2,2,21,2,0,0,2,0,0,19820,19277,20997,20200,20000,0,2000,5000,0,0,0,0,0,1
16554,40000,2,2,29,0,0,2,0,0,2,20528,22973,22317,24047,26644,26079,3100,0,2100,3000,0,3000,0,0
16585,30000,2,2,26,0,0,0,0,0,0,24079,25848,22299,23615,23933,24901,2500,2000,2000,1000,1500,1500,0,1
16595,10000,2,2,28,-1,2,-1,2,3,2,619,619,8642,9151,8023,5475,0,8642,800,107,200,0,0,1
16619,240000,1,2,41,0,0,0,0,0,0,24171,26474,28480,30247,30122,27437,3759,3500,3000,982,3437,2044,0,0
16644,120000,1,2,35,-1,-1,-1,-1,-1,2,326,326,176,-150,952,476,326,176,0,1428,0,476,0,0
16645,210000,1,2,40,-1,-1,-1,-1,-1,-1,325,325,325,325,325,325,325,325,325,325,325,325,0,1
16660,30000,2,1,39,0,0,0,0,0,0,20893,22206,19273,16469,14670,11214,2007,2000,2000,417,1500,1500,0,0
16661,360000,1,2,34,-2,-2,-2,-2,-2,-2,2739,1200,3118,0,162,4857,1206,3133,0,162,4881,445,0,0
16690,260000,2,1,46,2,2,2,2,2,2,82683,84424,86472,87157,88526,90355,4000,4300,3000,3700,3400,3600,0,1
16693,150000,2,2,35,-1,-1,-1,-1,-1,0,13059,11526,18301,15858,2744,2144,11526,18305,15861,2744,0,19682,0,0
16731,180000,3,1,42,0,0,0,0,0,0,177027,173635,172514,157768,126964,125456,7003,6500,7507,4500,5000,5000,0,0
16738,180000,2,2,32,0,0,0,0,-2,-2,22832,19517,11988,0,0,0,1429,1000,0,0,0,0,0,0
16746,80000,2,1,43,0,0,0,0,0,0,44620,33729,40350,38812,33459,31650,1582,15350,1491,3459,1650,9028,0,0
16770,30000,2,2,34,0,0,0,0,-2,-2,17803,19126,19500,0,0,0,1626,1000,0,0,0,0,0,0
16817,180000,2,1,34,-1,-1,-1,-1,-1,-1,13067,6170,3439,1193,381,1516,6170,3444,1193,381,1516,542,0,0
16847,50000,1,2,45,0,0,0,0,0,0,42931,45556,43809,36493,20069,20210,6004,1805,1255,1003,1111,3002,0,0
16869,350000,2,1,43,-2,-2,-2,-2,-2,-2,6088,3405,7763,20573,2367,11486,3436,7813,20604,2376,11493,13885,0,0
16876,300000,1,2,43,-1,-1,-1,-1,0,0,163,2508,8534,14378,16245,19047,2508,8534,14378,4000,6550,0,0,0
16881,50000,2,1,39,1,2,2,3,2,0,26094,25376,29548,28786,28024,28772,0,4600,0,0,1200,1200,0,0
16885,20000,2,2,37,0,0,0,0,0,0,15612,16927,17794,18550,18850,0,1577,1444,1200,500,0,0,0,1
16901,50000,3,2,38,1,2,0,0,0,0,38811,33993,35365,15426,17157,21842,0,2077,2000,2000,5000,0,0,0
16914,50000,2,2,60,0,0,0,0,0,0,51078,50649,36384,32913,9397,9755,2013,2505,2100,500,500,500,0,0
16927,90000,3,2,50,0,0,0,0,0,0,80926,76495,71616,60177,54440,45788,3451,3243,2390,1840,1690,1954,0,0
16947,50000,3,1,57,2,0,0,0,0,0,18275,18494,16978,16282,17363,8833,1509,2003,1200,1281,1512,2308,0,0
16972,50000,3,2,58,-1,0,0,0,0,0,14628,15638,16383,17837,15791,15988,1558,1303,1757,711,600,1500,0,0
17809,10000,2,2,24,3,2,2,3,3,3,1050,1050,1050,1050,1050,1050,0,0,0,0,0,0,0,1
17824,30000,3,2,25,2,0,0,0,0,2,23421,24228,25331,26347,27508,30118,1500,1500,1439,1600,3200,0,0,1
17839,110000,2,2,25,0,0,2,0,0,2,23459,27157,26549,34222,44062,45036,4000,0,9000,10700,1700,0,0,1
17896,20000,1,2,28,0,0,0,0,2,2,3202,4978,7720,9907,9627,11500,2000,3000,2500,0,2000,5,0,0
17911,100000,2,2,28,2,0,0,0,2,0,58566,56770,56300,54288,25759,25775,5100,2825,5000,0,2000,0,0,1
17931,20000,2,2,31,0,0,0,2,0,0,12214,13694,16660,16100,17521,19237,2000,3200,0,2000,2000,0,0,0
17940,140000,2,2,33,0,0,0,0,0,0,133336,134483,131805,107950,88622,85165,5000,5000,4005,3500,3500,3000,0,0
17948,160000,2,2,36,1,-2,-2,-2,-2,-1,0,0,0,0,0,1000,0,0,0,0,1000,0,0,0
17966,200000,1,1,49,1,-1,-1,-1,-1,-1,0,492,0,489,320,732,492,0,489,320,732,5335,0,0
17976,80000,2,1,42,0,0,0,0,0,0,78216,62890,52973,52328,49214,50245,2115,5004,1834,1562,1621,2196,0,0
18013,110000,2,1,30,2,0,0,3,2,2,54404,57503,66128,64477,65413,66520,4000,9600,0,2600,2300,3000,0,1
18021,90000,2,1,45,0,0,2,0,0,0,46608,49999,43996,44069,41317,36912,4500,0,1750,1425,1412,1231,0,0
18030,140000,2,2,33,0,0,0,0,0,0,279184,259478,25020,21629,18367,15161,7000,2000,2000,2000,2000,2000,0,0
18035,500000,1,1,46,-1,-1,-1,-1,-1,-2,991,4073,6738,2500,0,0,4082,6738,2510,0,0,1000,0,0
18051,240000,2,2,46,0,0,0,0,0,0,47379,49274,51171,52716,54229,56191,3000,3000,3000,3000,3000,3000,0,0
18057,500000,1,2,47,-2,-2,-1,-1,0,-1,21376,20473,3581,18855,6783,5921,20473,3587,18860,146,5923,9464,0,0
18076,50000,3,1,47,2,0,0,0,0,0,49386,49693,51136,20171,19286,19292,1818,2261,1296,672,688,834,0,1
18117,60000,2,1,42,2,2,2,2,2,0,4136,6355,7604,7603,7332,7712,2300,1500,270,0,500,500,0,1
18122,240000,1,2,38,0,0,0,0,-1,2,6865,2519,6646,-1776,3235,1612,2000,6500,0,5011,0,1834,0,0
18154,140000,1,2,31,-1,-1,-1,-1,-1,-2,4900,393,0,814,0,0,393,0,814,0,0,0,0,0
18160,380000,2,1,42,-2,-2,-2,-2,-2,-2,2588,38981,6267,19774,12297,2700,39529,6930,19873,12361,2713,5291,0,0
18216,200000,3,1,50,0,0,2,2,2,2,119657,127855,128447,115045,117299,105456,11754,4100,0,14000,0,10365,0,0
18225,210000,2,1,53,0,0,0,0,0,0,170760,174141,177856,181002,184690,188813,7700,8000,7600,6700,7100,6900,0,0
20375,10000,2,2,21,0,0,0,0,0,0,7327,8244,9259,9757,9887,9987,1500,1300,1000,206,2094,0,0,0
20390,10000,2,2,24,1,2,0,0,0,2,5378,5146,6205,7139,7918,7646,0,1300,1200,900,0,700,0,0
20391,80000,2,2,25,-2,-2,-2,-2,-2,-2,302,-62,1958,-101,15932,950,0,2020,0,16033,11220,0,0,0
20445,140000,2,2,28,0,0,0,0,-1,0,218318,135085,122762,76564,139508,142253,5000,6614,2198,140000,5413,4689,0,0
20469,50000,1,2,26,0,0,0,0,0,0,29021,28408,29117,28764,28390,29443,1768,1477,1444,1100,1500,1100,0,0
20485,290000,1,2,28,0,0,0,0,0,0,18359,18985,17742,17530,8135,7559,1500,1500,1021,185,387,2000,0,0
20488,110000,1,2,26,0,0,0,0,0,0,101860,99782,98236,92879,75216,76778,3577,4416,2972,2756,2839,2472,0,0
20512,20000,3,2,27,0,0,0,0,0,0,13384,14153,15417,16944,18992,15888,1300,1500,2000,2048,0,4500,0,1
20522,50000,2,2,29,2,2,2,0,0,0,46346,49612,48546,49157,49890,48941,4355,0,1900,1333,0,999,0,0
20540,300000,1,2,28,1,-2,-2,-2,-2,-2,0,0,0,0,0,0,0,0,0,0,0,0,0,0
20552,50000,3,2,28,0,0,0,0,0,0,57207,58211,48160,48398,17942,16334,2000,2100,1300,650,600,1652,0,0
20568,290000,2,1,30,-1,-1,-1,0,0,0,8452,7718,237648,236463,146420,148600,7728,237648,8900,5300,5541,4700,0,0
20583,80000,3,1,29,0,0,0,0,0,0,52175,45429,46595,47224,46903,46973,2034,2200,1738,1796,1832,1842,0,0
20591,200000,2,1,29,-2,-2,-2,-2,-2,-2,1418,3052,3538,17091,2413,1301,3066,3555,17175,2435,1307,5839,0,0
20609,360000,1,2,30,0,0,0,0,0,0,365290,362533,358716,353426,299403,260620,13000,14000,12080,10000,9500,6000,0,0
20635,80000,2,2,30,0,0,2,-1,-1,-2,53627,64913,19476,61302,0,0,33000,56,62877,0,41150,81000,0,0
20702,30000,1,2,33,1,2,2,2,2,2,25826,27274,25744,27504,26987,26927,3000,0,3000,1000,1300,0,0,0
20741,360000,3,2,33,0,0,0,0,0,0,32290,33747,39840,46130,50534,53897,2000,7000,7000,5000,4000,4287,0,0
20747,50000,2,3,41,0,0,0,0,0,0,31197,24486,24777,24521,16773,16524,4590,3000,3005,3014,3632,4006,0,0
20754,20000,3,1,40,0,0,0,0,0,0,18987,19909,16623,17634,17985,18362,1258,1282,1293,644,667,743,0,1
20755,20000,3,1,40,0,0,2,3,2,2,13370,16326,17963,17386,16809,18137,3200,2200,0,0,1600,900,0,1
20785,700000,1,1,34,-2,-2,-2,-2,-2,-2,3609,6109,5810,7684,168,5836,6168,7105,7721,168,5836,52924,0,0
20789,50000,2,2,43,-1,-1,-1,-1,0,-1,396,396,396,792,396,396,396,396,792,0,396,792,0,1
20799,10000,2,1,37,0,0,0,0,-1,-1,6930,6399,4634,5388,780,0,1065,1246,1000,780,0,390,0,0
20814,50000,3,2,39,2,0,0,0,0,-1,42245,42022,45811,48192,9498,6733,30003,13000,9036,6190,10135,16000,0,0
20836,280000,2,2,33,-2,-2,-2,-2,-2,-2,0,2650,3294,3640,2720,7598,2650,3294,3640,2720,7598,4434,0,0
20838,350000,3,1,44,-1,-1,-1,-1,-1,-1,266692,3551,33112,2341,63698,38355,3569,33276,2353,64017,38546,435,0,0
20845,30000,1,2,28,-1,-1,-1,-1,-2,-2,598,0,950,0,0,0,0,950,0,0,0,0,0,0
20855,80000,2,1,34,2,2,2,0,0,0,81882,81814,78353,78814,49062,48764,3650,0,3328,1888,1787,1960,0,1
20926,200000,1,2,34,-2,-2,-2,-2,-2,-2,1740,10108,291,2515,1133,-363,10108,291,2515,1133,0,0,0,0
20930,200000,2,2,35,-1,-1,-1,-2,-1,-1,1121,4621,4318,1640,6614,707,4621,4351,1654,6614,707,0,0,0
20932,560000,2,1,36,-2,-2,-2,-2,-2,-2,4286,3273,2300,4930,2043,1019,3282,2306,4930,2049,1019,2580,0,0
20974,50000,3,1,45,0,-1,-1,2,-1,-1,10522,261,1305,1134,1073,1312,261,2305,0,1200,1500,0,0,1
20982,230000,1,2,40,-2,-2,-2,-2,-2,-2,6514,7882,162,-868,-868,-868,7882,162,0,0,0,0,0,1
20994,200000,1,1,47,1,2,2,0,0,0,198663,201996,194396,166515,163673,145683,8013,13,8684,5500,7437,4600,0,1
20996,50000,2,1,49,1,2,2,0,0,0,50435,50936,49463,50046,19858,19278,2400,0,2300,1000,1000,1000,0,1
21001,30000,2,1,36,1,-1,-1,-1,0,0,0,780,0,1170,780,0,780,0,1170,0,0,0,0,0
21017,160000,1,2,33,2,2,2,0,0,0,146129,158066,156898,154725,115841,111615,15000,4000,8000,4000,4000,4000,0,1
21027,50000,2,1,41,0,0,0,0,-2,-2,49999,51043,51400,0,0,0,2263,2400,0,0,0,0,0,0
21061,150000,3,2,29,-1,-1,2,-1,-1,-1,820,3191,1965,1300,936,901,3431,0,1300,936,901,911,0,0
21068,250000,2,2,31,1,-2,-2,-2,-2,-1,0,0,0,0,0,1026,0,0,0,0,1026,1026,0,0
21089,40000,5,2,37,0,0,0,0,-1,0,36712,37403,18688,-620,32760,12500,1596,1006,0,17000,2000,780,0,0
21110,20000,2,1,33,2,0,0,0,0,0,17999,19090,19472,18629,12683,0,1700,3243,1200,254,0,0,0,1
21133,500000,1,2,35,-2,-2,-2,-2,-2,-2,5925,11175,21176,5086,9552,14389,11194,21193,5094,9563,14403,5233,0,0
21135,640000,1,2,33,-1,-1,-1,0,0,0,21189,4242,32110,62649,63218,53151,4258,32120,34000,5037,0,13855,0,0
21138,200000,1,1,39,-2,-2,-2,-2,-2,-2,8852,3103,2005,15776,2696,6147,5585,2015,15854,2709,6178,16961,0,0
21151,110000,3,2,44,0,0,0,0,0,0,102274,103275,105225,83722,78894,74659,3734,3653,2914,2627,2624,4138,0,0
21188,330000,1,1,35,-1,-1,-1,-1,-1,-1,3888,14704,2533,10664,1560,34847,14782,2544,10715,1566,34865,7273,0,0
21233,180000,1,1,49,-1,-1,2,2,-2,-2,1092,1733,1405,-434,-434,-434,1733,0,0,0,0,0,0,1
21251,340000,2,1,49,0,-1,-1,0,0,0,9983,43418,388126,358617,333690,302528,43418,388126,12500,11000,11000,11180,0,0
21259,240000,1,1,50,-1,-1,-1,-2,-1,-1,35117,17330,58422,54755,43605,26293,11051,116904,54762,43705,26293,13011,0,0
21277,50000,2,1,60,0,0,0,0,0,0,46344,41162,25245,25955,26470,27025,1389,1722,1432,947,981,985,0,0
21284,50000,1,2,48,0,0,0,-1,0,0,56672,53540,53321,49263,29063,26644,2500,1066,50045,992,1000,1000,0,0
21289,60000,3,1,52,0,0,0,0,0,0,57470,58713,60251,57251,27896,28499,2200,2500,31000,981,1035,1059,0,1
21337,200000,6,1,66,0,0,0,0,0,0,143994,102211,54762,55858,56338,57360,4767,2573,2604,1997,2228,2094,0,0
21340,300000,3,1,53,-2,-2,-2,-2,-2,-2,-3,-3,-3,580,992,1205,0,0,583,992,1205,96,0,0
23867,180000,2,1,28,0,0,0,0,2,0,148735,150771,156334,165696,165582,168952,6000,8000,13500,4110,6200,13600,0,0
23950,20000,3,2,24,1,3,2,0,0,3,14665,14146,13634,14401,16257,15713,0,0,1300,2101,0,0,0,1
23972,50000,2,2,25,0,0,0,0,0,0,47034,48442,49173,49290,48910,48910,2500,2200,1700,1000,0,0,0,0
24069,50000,2,1,25,0,0,0,0,0,0,26339,27699,28513,29341,29928,29533,1800,1565,1393,980,994,1024,0,0
24092,40000,1,2,28,0,0,0,0,0,0,38941,39039,24501,15143,15731,9728,2002,1607,1580,2500,1500,33000,0,0
24163,60000,1,2,29,0,0,0,0,0,0,11976,13462,15231,16966,17878,19085,2000,2000,2000,1500,1500,1500,0,0
24180,360000,1,2,30,-1,-1,-1,-1,0,0,9939,14212,44803,118712,34244,21269,14226,46012,129567,685,425,4137,0,0
24191,280000,1,1,30,0,0,0,0,0,0,166037,166291,162992,134154,161057,167490,12126,39102,5000,30000,10000,10000,0,0
24198,80000,2,2,30,2,2,2,2,2,2,66995,67794,69607,70864,71902,73407,2500,3500,3000,2800,2800,0,0,1
24204,210000,1,1,31,0,0,0,0,0,0,140994,140224,141553,143811,144587,146802,5100,5201,5160,5200,5300,6150,0,0
24211,70000,1,2,31,-2,-2,-2,-2,-2,-2,25856,13737,7716,25732,46671,26516,13737,7716,25740,46684,26516,56017,0,0
24218,230000,1,2,29,2,-1,-1,-2,-2,-1,481,12381,0,0,0,376,12381,0,0,0,376,0,0,0
24225,180000,2,2,30,0,0,0,0,0,0,42198,43192,47493,48401,50096,51238,2000,5000,2000,2500,2100,1623,0,0
24236,190000,1,2,31,0,0,0,2,2,0,104503,106773,114791,106414,96980,90700,4000,9844,3283,24,3297,3325,0,0
24272,60000,2,2,24,2,2,2,0,0,0,48945,52362,51255,52119,52866,53969,4549,0,2313,2044,2110,2500,0,1
24318,70000,3,1,35,0,0,2,2,2,2,27915,31009,31914,32394,31574,34053,3577,1700,1300,0,3000,1385,0,0
24331,350000,1,1,42,2,-1,-1,-1,-1,-1,671,671,671,671,671,30727,671,671,671,671,30727,821,0,1
24366,130000,3,1,43,-1,-1,-1,-1,-1,-1,1261,1705,0,1261,13161,390,1705,817,1261,13161,390,390,0,0
24367,480000,1,1,41,1,-2,-2,-2,-2,-2,0,0,0,0,0,0,0,0,0,0,0,0,0,0
24371,240000,2,2,46,0,0,0,0,0,0,262206,257969,256740,246364,127177,33622,9200,12000,5700,3200,1200,1000,0,1
24394,220000,1,1,49,-1,-1,-1,-1,-1,-1,1410,580,1386,-14,6160,1307,580,1386,0,6174,1307,1341,0,0
24400,200000,3,2,33,-2,-2,-2,-2,-1,-1,2810,7114,1981,3959,5382,0,7149,2059,3978,5403,0,0,0,0
24465,180000,3,1,30,-1,0,0,0,0,0,56951,57941,58994,60047,61389,63048,2100,2150,2200,2500,3000,1000,0,0
24491,320000,2,1,38,0,0,0,0,0,0,208207,9222,10244,11255,11478,11720,1154,1176,1187,410,426,428,0,0
24503,50000,1,2,34,1,2,2,2,2,2,48212,49207,49914,48382,50693,50364,2500,2200,0,3800,1000,1500,0,0
24504,550000,1,1,44,-2,-2,-2,-2,-2,-2,21788,0,1091,2291,1000,150,0,1091,2309,1000,150,750,0,0
24517,80000,2,1,43,-1,-1,0,0,0,0,435,4495,5333,7136,7599,7554,4495,1500,2500,1000,500,1000,0,0
24560,260000,2,1,42,0,0,0,0,0,0,225844,219261,206742,255079,208755,196701,10030,10000,65500,10000,8000,10000,0,0
24569,210000,1,1,34,-1,-1,-1,2,-1,0,330,330,660,330,660,330,330,660,0,660,0,330,0,0
24635,60000,2,2,36,-1,-1,0,0,2,-1,39212,45987,42778,25163,7784,12332,45994,20052,20007,7,12332,500,0,0
24643,300000,2,2,30,-1,-1,0,0,0,-1,18468,60489,63982,124493,16367,41338,61200,45153,102749,186,45079,40000,0,0
24662,80000,1,1,46,0,0,0,0,0,0,48967,49850,50767,45721,49006,56275,2000,1771,1715,4000,8697,0,0,0
24672,390000,2,1,34,-2,-2,-2,-2,-2,-2,-702,-808,-1141,-1247,-1353,-1459,0,0,0,0,0,0,0,0
24677,40000,1,1,47,2,0,0,0,0,2,38741,36840,37868,36139,39114,38429,2000,1942,1600,3500,0,2818,0,0
24685,50000,1,2,34,2,0,0,0,0,0,13731,13974,7891,4600,5554,5481,1530,2004,1000,1008,1400,600,0,1
24695,60000,2,1,29,0,0,0,0,0,0,58634,59541,58604,59427,38472,39528,3000,31404,3000,2000,2000,2000,0,0
24714,350000,2,1,39,0,0,0,0,0,0,179189,173622,171127,173283,169815,163058,6695,6958,6669,5596,5676,5487,0,0
24716,100000,2,1,38,0,0,0,0,-1,0,100600,94367,96504,22850,91081,92986,4090,4385,1850,103300,3370,3670,0,0
24726,150000,2,2,31,-2,-1,-1,-1,-1,-2,0,648,0,1448,0,0,648,0,1448,0,0,3632,0,0
24729,200000,2,1,38,0,0,0,0,0,0,105729,106296,110031,112410,128894,131588,3806,5449,5694,20000,4774,5101,0,0
24747,420000,4,2,36,1,-2,-1,-1,0,0,944,1819,1133,10415,7792,-3,1819,1143,10429,194,556,0,0,0
24766,50000,2,1,44,2,2,0,0,3,2,127510,123969,128267,139912,136604,134705,0,6300,15300,0,0,9500,0,1
24786,320000,1,1,46,-2,-2,-2,-2,-2,-2,2790,3266,12186,1403,24305,7463,3349,12253,3290,11465,7537,1966,0,0
24797,70000,3,1,46,0,0,0,0,2,2,24345,25349,26694,28935,28174,30061,1414,1759,3000,0,2500,0,0,0
24811,50000,3,1,31,0,-1,-1,-1,-1,-1,1473,390,390,390,0,780,390,390,390,0,780,0,0,1
24823,180000,1,2,31,-2,-2,-2,-2,-2,-2,3580,0,0,0,7108,1300,0,0,0,7108,1300,0,0,0
24841,160000,1,2,46,-1,-1,-1,-1,-1,-1,1338,711,1941,1052,2004,931,711,1945,1052,2004,931,1499,0,0
24846,210000,2,1,42,-1,-1,-1,-1,-1,-1,3096,5260,3298,2972,975,3441,5260,3298,2972,975,3441,1666,0,0
24862,330000,2,1,38,0,0,0,0,0,0,179935,177959,175259,153562,157072,158516,8000,6000,5600,6000,6000,6000,0,1
24878,120000,1,2,32,0,0,0,0,2,0,120792,87675,122177,120667,47880,49629,20137,50053,29377,0,30000,984,0,0
24879,20000,1,2,30,-1,-1,3,2,0,0,323,24910,22469,21780,20363,20199,26703,0,0,1000,800,1000,0,1
24917,200000,2,2,36,0,0,0,0,0,0,175353,150969,153856,156401,159300,160571,25001,5701,5576,6009,5811,6156,0,1
24962,80000,2,2,35,0,0,0,0,0,0,77298,71051,71239,75710,63977,43385,2515,3000,6000,3008,2000,0,0,0
24986,290000,2,1,46,0,0,-1,0,0,-1,31824,20578,13505,13386,12536,5850,1529,13505,6000,5000,6000,0,0,0
25009,20000,3,1,50,1,5,4,5,4,3,18378,17797,19225,18644,18063,17491,0,2000,0,0,0,0,0,0
25017,260000,2,1,54,0,0,0,0,0,0,212197,212185,212584,213851,215362,214879,7534,8201,7633,7436,7879,8727,0,0
25021,160000,3,1,61,-1,-1,-1,-1,0,-1,390,390,390,780,390,390,390,390,780,0,390,390,0,0
25053,20000,2,1,56,0,0,0,0,0,0,17768,18378,19077,19467,19155,19098,1600,1689,1469,547,500,547,0,0
25071,240000,1,1,48,0,0,0,0,0,0,234984,234559,240896,135900,135853,127777,9500,11217,4855,4000,3200,3000,0,0
25076,400000,1,1,48,-2,-2,-2,-2,-2,-2,3173,4265,8403,9096,28896,52196,4265,8427,9096,28896,52196,396,0,0
25114,50000,2,1,57,0,0,0,0,0,0,46540,48520,47875,48110,18576,15339,2770,2100,1300,700,1000,1000,0,0
25147,500000,1,1,54,2,2,2,0,0,0,518950,539418,519267,518741,516139,514975,39000,0,19000,19000,18000,15000,0,1
26610,20000,2,2,23,0,0,2,2,4,3,10208,14972,17432,19548,18948,18358,4972,3000,2700,0,0,1000,0,1
26619,50000,2,2,23,0,0,0,0,0,0,48241,49445,51060,50033,9298,7877,2000,2412,5178,5500,500,500,0,1
26620,10000,2,2,23,2,0,0,2,2,2,5232,6410,8717,8431,9079,9110,1273,2580,0,942,321,0,0,1
26641,20000,1,2,23,2,2,2,2,2,2,5996,7040,7897,7622,8294,8016,1300,1128,0,800,0,1500,0,1
26682,70000,1,2,27,0,0,0,0,-2,-1,64317,59944,30206,0,0,5000,2500,1000,0,0,5000,5862,0,0
26694,70000,2,2,27,0,0,0,0,0,0,17058,59481,50890,50981,54122,58227,52896,2047,1861,4000,5000,3044,0,0
26721,50000,2,2,26,0,0,0,0,0,0,47052,47874,40933,16603,16932,17287,1728,2856,1276,605,627,633,0,0
26780,50000,2,2,29,1,2,2,0,0,2,12460,13489,12987,13699,15868,15474,1530,0,1234,2403,0,711,0,0
26814,130000,2,2,31,0,0,0,0,0,0,122486,116437,112881,96191,88934,90633,6013,4911,3533,3301,3607,5516,0,1
26823,120000,2,1,29,-1,-1,2,-1,0,0,579,2718,1280,3783,2522,1261,3580,0,3822,0,0,1261,0,0
26832,260000,2,2,34,0,0,0,0,0,0,54448,55559,59635,63624,67563,69812,2017,5000,5000,5000,5000,10000,0,0
26837,300000,1,1,40,-2,-2,-2,-2,-2,-2,5649,5649,5649,5699,5466,19878,5649,5649,5699,5616,20272,0,0,0
26845,180000,1,1,42,-1,-1,-1,-1,-1,0,326,326,326,326,652,326,326,326,326,652,0,326,0,0
26848,20000,2,2,41,0,0,0,-1,0,-1,16808,16741,14450,8796,5419,2377,1301,1000,8796,108,2377,15742,0,0
26905,500000,2,1,41,0,0,0,0,0,0,155820,171565,184782,152365,139757,153348,20000,20241,20154,20019,20151,20037,0,0
26921,150000,1,2,28,0,0,0,0,0,0,88506,58699,60252,62245,64202,66167,2200,2500,3000,3000,3000,3000,0,0
26924,260000,1,1,35,0,0,0,0,0,0,163327,165557,152856,142605,144240,144213,8200,6243,7000,5500,5500,5411,0,0
26949,70000,2,1,47,0,0,0,0,0,0,53239,54351,56480,57253,59150,0,2000,3000,2500,3000,0,0,0,0
26974,250000,3,2,31,0,0,0,0,0,0,73215,70284,70375,65085,54986,50848,7009,5023,5069,10037,5184,15011,0,0
26978,260000,1,1,38,0,0,0,0,0,0,162820,153457,143580,133477,122545,120772,6024,6012,6000,5000,5000,4000,0,0
27018,80000,3,1,41,0,0,0,0,0,0,35646,38040,39562,40427,43417,46878,3000,2135,2000,3500,4000,3000,0,0
27042,250000,1,1,32,-1,-1,0,0,0,0,207,4907,6833,8766,9539,9779,4907,2000,2000,1000,319,247,0,0
27058,100000,1,1,38,0,0,0,0,0,-2,46717,48435,49854,51400,0,0,2500,2500,3000,0,0,0,0,1
27061,20000,3,1,45,0,0,0,0,0,0,26400,27400,28400,29400,30000,0,1000,1000,1000,600,0,0,0,0
27067,210000,3,1,44,1,-2,-2,-2,-2,-2,0,0,0,0,0,0,0,0,0,0,0,0,0,1
27077,200000,2,2,34,-2,-2,-1,0,-1,-1,541,-59,6817,7756,8835,13129,59,6876,1009,8837,13129,12184,0,0
27100,130000,2,1,38,0,0,0,0,0,0,61105,61386,62681,64743,45288,48449,3000,4000,5000,3000,5000,2000,0,0
27119,120000,1,1,43,-1,-1,-1,-1,-1,-1,3131,4176,2541,5648,4122,0,5126,2557,5667,4144,0,3463,0,0
27153,280000,3,1,44,0,0,0,0,0,0,38242,41083,55444,57115,54076,58155,4000,15000,3026,3000,8043,2000,0,0
27158,90000,1,2,29,2,2,2,2,2,2,11512,12524,13523,13704,13882,14015,1500,1500,700,700,500,0,0,1
27164,10000,1,1,42,4,3,2,2,2,0,6744,6494,6247,7975,7701,7787,0,0,2000,0,359,331,0,0
27218,10000,3,2,42,1,2,2,2,0,0,8090,6339,8623,5885,4417,5190,0,2586,0,1000,1000,345,0,1
27228,390000,1,1,35,-1,-1,0,0,0,0,14673,83728,67892,65246,68949,52724,83728,2637,2576,5000,2724,2000,0,0
27235,240000,1,1,35,-1,-1,-1,0,-1,-1,2024,2007,21790,17102,13367,22659,2017,21817,1120,13434,22772,22820,0,0
27242,30000,2,1,42,2,0,0,0,0,0,29492,29329,30720,29204,28219,28501,1488,1879,1624,900,900,900,0,0
27284,200000,1,2,32,0,0,0,0,0,0,141634,145060,148817,154033,155435,151806,5700,6000,7600,5421,5400,5316,0,0
27311,20000,2,1,34,0,0,0,0,0,0,2799,2164,1854,3296,3435,4435,2005,1200,1500,300,1000,95,0,0
27326,50000,2,2,39,0,0,0,0,0,0,26842,23540,16980,16908,17327,17895,2500,2010,1500,1000,1000,900,0,0
27347,20000,2,2,30,0,0,-1,0,0,0,7534,4704,15226,16528,16128,19800,2000,15300,2000,0,4200,0,0,0
27361,200000,2,1,38,1,2,2,2,0,0,185471,189921,193731,189136,191335,202780,9000,8300,0,6800,14500,0,0,0
27374,450000,1,2,34,-1,-1,-1,-1,-1,-1,12712,1830,1183,1745,0,7519,1830,1188,1745,0,7519,0,0,0
27393,160000,2,1,46,0,0,0,0,0,0,116988,114956,114531,106467,106967,109245,4200,5555,4000,4000,4000,4200,0,0
27399,180000,2,2,41,-2,-2,-2,-2,-2,-2,0,900,910,0,0,0,900,910,0,0,0,0,0,0
27406,100000,5,3,44,2,2,0,0,0,0,40199,39218,35464,30456,29420,27102,0,2005,1700,976,2000,3000,0,0
27453,230000,2,2,41,2,0,0,0,0,0,225043,229701,229250,229572,213420,218809,10000,11000,9000,9000,9000,9000,0,1
27469,390000,1,2,47,-1,-1,-2,-1,-1,-1,898,0,0,2582,128,6273,0,0,2582,128,6273,0,0,0
27476,50000,1,2,49,0,0,0,0,0,0,48960,49686,50723,9182,10025,10400,2255,2292,1157,1000,600,0,0,0
27484,10000,3,2,56,2,2,0,0,0,0,10156,8570,6101,6711,7258,7777,0,1500,2000,2000,2000,2000,0,0
27492,100000,5,1,53,0,0,0,0,0,0,184438,188238,192080,196000,200000,0,3800,3842,3920,4000,0,0,0,0
27498,500000,3,1,53,-1,2,2,-2,-1,-1,5008,546,-4,-4,1319,2977,1,0,0,1323,3000,8,0,0
27511,70000,2,2,62,6,5,4,3,2,0,112202,103834,95609,86494,79359,74937,0,0,0,0,2150,2511,0,0
27515,320000,1,1,51,-2,-2,-2,-2,-2,-2,1834,556,1622,7728,5781,3896,556,1622,7762,5781,3896,2182,0,0
27544,50000,3,1,55,0,0,0,0,0,2,40247,41382,49943,50412,30970,30362,1800,9331,1500,4549,0,1092,0,1
27586,80000,3,1,52,1,2,2,2,0,0,77185,80311,81558,78761,71352,19674,5000,3100,0,2000,713,1500,0,1
27592,50000,3,1,59,1,2,0,0,0,0,48504,46768,47976,39703,19777,19162,0,2100,2000,1000,1000,1000,0,0
29201,50000,3,2,25,0,0,2,2,0,0,39686,43685,44694,43673,44659,49512,5000,2000,0,2000,6000,300,0,0
29205,50000,2,2,23,0,0,0,0,0,0,49842,49830,50116,49184,19184,18021,2000,2100,1500,1000,1000,1000,0,0
29294,50000,1,2,25,-1,-1,-1,-1,-1,-1,9716,25045,15180,6964,7604,2173,25045,15522,6964,7604,2173,6586,0,1
29300,240000,2,2,26,0,0,0,0,0,0,24779,28630,29095,28883,28372,24033,5000,1700,1500,755,3000,120000,0,0
29303,290000,1,2,26,0,0,0,0,0,0,196780,198682,144672,146116,109672,60439,10144,7443,35215,5011,5079,3067,0,0
29355,30000,2,2,29,0,0,0,2,2,2,19363,20723,22492,22819,24441,23910,2000,2100,1000,2000,0,1000,0,1
29360,80000,1,1,27,-1,-1,0,-1,-1,0,2197,3613,4820,867,1154,2473,3613,1500,867,1500,1500,3700,0,0
29371,200000,2,2,27,0,0,0,0,0,0,137266,137888,136545,116549,109622,111113,5212,5065,4005,3900,4003,4306,0,0
29376,170000,1,2,27,-2,-2,-2,-2,-2,-2,2190,264,1408,1434,264,264,264,1408,1434,264,264,264,0,0
29453,10000,2,2,30,0,0,0,0,0,2,8107,8724,9191,9800,10072,9766,1298,1155,1154,1206,0,399,0,1
29476,60000,3,1,34,0,0,0,0,0,0,43293,28305,22298,22161,18667,19381,1368,1396,1287,654,1000,644,0,0
29515,130000,3,2,29,0,0,0,0,0,0,129602,130079,122267,96800,58170,57483,5437,5088,4180,2035,3009,2000,0,0
29530,50000,2,1,42,1,-1,-1,-1,0,-1,0,3095,5850,4300,2800,3000,3095,5855,4300,2500,3000,500,0,0
29558,70000,3,1,44,-1,0,-1,-1,2,-1,5484,5221,340,1430,930,4110,1000,340,1480,0,4110,0,0,1
29565,200000,2,1,37,-1,-1,-1,-1,-1,-1,3506,4713,2519,3960,6797,4414,4727,2526,3971,6827,4427,5603,0,0
29582,380000,2,2,37,-1,-1,-1,-1,-1,0,2302,7281,2686,2281,5760,9239,7500,2700,2300,6000,6000,3000,0,0
29606,500000,1,1,37,0,0,2,0,0,0,474934,507062,491956,430637,376657,356636,40024,325,15296,12137,12312,14113,0,0
29607,90000,2,1,45,-1,3,2,2,-1,-1,3664,3449,1776,-1170,390,390,0,0,0,1560,390,930,0,1
29653,210000,3,2,48,0,0,0,0,-1,-1,85107,83658,73664,38405,38395,5062,33658,30003,1000,38395,5062,13061,0,0
29689,180000,3,1,43,2,2,2,2,0,0,176911,172605,182641,135892,135411,126808,0,15000,0,4500,5000,5000,0,0
29712,30000,2,2,38,0,0,2,2,2,2,29770,27400,28935,28934,30313,30330,6000,2273,780,2635,1033,611,0,0
29724,150000,1,1,41,3,2,2,0,0,2,111056,113467,110235,111376,154802,152304,5700,0,4500,45500,0,5400,0,1
29726,310000,2,1,37,-2,-2,-2,-2,-2,-2,1619,1443,1443,1443,1443,2886,1443,1443,1443,1443,2886,0,0,0
29745,30000,2,2,38,4,3,4,4,4,3,17628,20024,20424,20601,19992,19392,3000,1000,786,0,0,0,0,1
29756,80000,3,1,43,2,-1,-1,2,-1,-1,1473,1473,3133,1473,1473,390,1473,3133,0,1473,390,390,0,0
29805,20000,3,1,45,1,3,2,2,0,0,18838,18243,18849,17724,17524,0,0,1200,0,0,0,0,0,1
29824,220000,1,1,42,1,-2,-2,-2,-2,-2,0,0,0,0,0,0,0,0,0,0,0,0,0,1
29867,290000,2,2,30,2,2,0,0,0,2,270131,213484,197238,202680,133478,131024,0,9000,10500,17000,0,3500,0,1
29869,320000,1,2,30,0,0,0,0,0,0,95526,97737,101151,104203,108867,40411,5000,5000,5000,5364,5010,5013,0,0
29893,180000,1,1,37,1,-1,-1,-1,-1,-1,1660,2701,1832,919,500,7068,2701,1832,919,500,7068,9268,0,0
29903,170000,3,2,30,0,-1,0,0,0,0,10392,168088,168955,161351,126198,124746,168096,6409,7335,4448,4519,5003,0,0
29909,140000,1,2,29,-2,-2,-2,-2,-2,-2,0,0,0,0,0,0,0,0,0,0,0,0,0,1
29925,50000,2,1,40,0,0,0,0,0,0,49073,49531,44002,44356,19344,19354,1691,1942,1296,674,693,1000,0,0
29946,30000,2,1,42,0,0,0,0,0,0,28658,28281,29826,28572,9072,0,1656,3000,1000,500,0,0,0,0
29969,20000,2,2,34,0,0,0,0,0,-1,13730,15170,15277,13478,16978,12914,2000,2000,1000,5000,12914,600,0,0
